12696, 169024498, 169024498500056, -7.5713735, 0.15048862, 0.26355553,0
12712, 169024732, 169024732774433, -8.381154, 0.25639164, 1.2147202,0
12723, 169024911, 169024911715377, -8.297094, -0.4449402, 2.7505555,0
12728, 169025172, 169025172847683, -8.386239, -1.349808, 2.6242485,0
12745, 169025317, 169025317422686, -8.885597, -1.4472767, 0.83111,0
12762, 169025497, 169025497340282, -8.794642, -1.4773737, 1.1015005,0
12781, 169025759, 169025759601842, -8.758994, -1.6956058, 0.7716205,0
12791, 169025892, 169025892273899, -8.713528, -1.8599911, 0.60069203,0
12804, 169026176, 169026176693249, -8.799556, -1.9584234, -0.21448088,0
12817, 169026291, 169026292029737, -8.944745, -2.0010543, 0.025557041,0
12833, 169026491, 169026491907654, -8.819088, -1.1207173, 1.883522,0
12853, 169026692, 169026692334940, -8.286399, 0.016618252, 1.2682424,0
12867, 169026892, 169026892121298, -6.93395, 0.38539577, 0.78645325,0
12887, 169027091, 169027091999216, -7.79653, -2.2899163, 1.0495431,0
12906, 169027292, 169027292395980, -7.9110184, -2.675283, -0.81570506,0
12926, 169027491, 169027491999217, -7.988366, -2.2789805, 0.076420784,0
12944, 169027694, 169027694257724, -10.789178, -2.8924222, -1.6870325,0
12959, 169027892, 169027892182339, -8.186392, -1.4959315, 0.6055126,0
12976, 169028093, 169028093097949, -8.561879, -1.2700937, 0.832798,0
12989, 169028294, 169028294532407, -5.343168, -3.0147548, 1.6411638,0
13007, 169028492, 169028492182339, -8.240544, -2.7248015, -2.515695,0
13025, 169028699, 169028699507227, -8.114888, -1.7792597, 1.1766438,0
13037, 169028892, 169028892273899, -12.891267, -3.4366333, 1.7724066,0
13053, 169029091, 169029091846614, -8.309819, -1.3534833, -0.20015049,0
13069, 169029294, 169029294044080, -8.483333, -2.407969, 0.88941145,0
13082, 169029492, 169029492151817, -7.470125, -3.6550715, 1.5545428,0
13101, 169029691, 169029691816093, -9.145362, -0.7732496, -1.9812372,0
13116, 169029893, 169029893433673, -9.8214445, -0.23198271, 1.1833117,0
13134, 169030096, 169030096729873, -9.840155, -1.6243417, -0.7979958,0
13152, 169030292, 169030292090777, -7.212285, -0.22023392, 0.38590097,0
13169, 169030492, 169030492884306, -5.2126575, -3.3324857, 0.41903138,0
13192, 169030693, 169030693983040, -7.7306895, -3.1036398, -2.6967225,0
13205, 169030891, 169030892029737, -8.588826, -2.1614423, 0.52321815,0
13220, 169031091, 169031091846614, -11.282745, -4.160348, -0.5246084,0
13240, 169031299, 169031299354625, -6.790633, -1.8562908, 0.80310154,0
13266, 169031492, 169031492518062, -8.60272, -2.5139792, 0.9323735,0
13293, 169031691, 169031691755052, -8.492837, -3.7713559, 0.11401868,0
13310, 169031892, 169031892426501, -8.269508, -0.57312846, 1.1448066,0
13328, 169032093, 169032093372631, -7.200443, -1.8099732, 0.056607246,0
13346, 169032291, 169032291816094, -8.17659, -3.8925812, 0.9033685,0
13367, 169032492, 169032492334939, -7.643589, -1.406908, 0.9799347,0
13390, 169032691, 169032691968695, -5.859768, -3.663888, 1.4120262,0
13405, 169032894, 169032895020732, -7.598727, -2.5588856, -1.3196102,0
13424, 169033093, 169033093647315, -8.054498, -2.4664793, -0.4976945,0
13444, 169033292, 169033292518062, -11.860702, -3.305304, -1.2851682,0
13466, 169033491, 169033492029737, -6.407684, -3.356473, 0.7156668,0
13494, 169033699, 169033699354625, -7.1323338, -1.1841679, 0.40892982,0
13511, 169033892, 169033892853786, -6.9313364, -3.579611, 1.07429,0
13527, 169034095, 169034095081772, -8.609602, -2.049146, -1.9534667,0
13542, 169034292, 169034292609622, -6.9046817, -2.32454, -0.3449459,0
13567, 169034491, 169034491816092, -8.321409, -4.7570653, -0.57637715,0
13599, 169034702, 169034702315101, -6.1430836, -2.1027179, 2.3292253,0
13626, 169034892, 169034892914826, -5.4201183, -3.590391, 1.0855346,0
13646, 169035092, 169035092853785, -7.126712, -3.5032625, -0.59380627,0
13663, 169035291, 169035291785572, -7.6312075, -2.054896, -0.0697422,0
13678, 169035491, 169035491785573, -11.216573, -3.0355406, -0.25638962,0
13702, 169035699, 169035699720869, -6.9399962, -3.1927896, 0.82217455,0
13723, 169035893, 169035893158988, -6.517618, -1.6601884, 1.4793034,0
13751, 169036094, 169036094746048, -5.747112, -3.4851956, 1.174253,0
13766, 169036292, 169036292670664, -7.033745, -3.0156648, -1.2116332,0
13796, 169036492, 169036492579101, -7.8428345, -2.9999413, 0.32941318,0
13827, 169036692, 169036692426500, -8.435871, -4.657158, 8.7833405E-4,0
13850, 169036893, 169036893586275, -5.4181004, -2.8698308, 0.7811413,0
13870, 169037091, 169037091816092, -5.6350102, -3.3405905, 1.4393742,0
13891, 169037291, 169037291877133, -6.8096704, -3.9764783, -0.22198343,0
13915, 169037492, 169037492334938, -6.787648, -1.9681714, 0.74744797,0
13937, 169037692, 169037692762224, -9.535224, -3.6931448, 0.33466625,0
13961, 169037895, 169037895844782, -6.1561356, -3.3925097, 1.473496,0
13994, 169038093, 169038093433672, -6.250969, -1.750701, 1.0609307,0
14023, 169038292, 169038292945347, -4.7421494, -3.4823792, 1.9245911,0
14042, 169038492, 169038492792745, -7.275922, -2.814899, -2.0580359,0
14083, 169038700, 169038700483878, -8.078522, -2.9196987, 0.69815826,0
14113, 169038894, 169038894868129, -9.246954, -3.9719403, -1.5234444,0
14147, 169039093, 169039093433672, -5.849948, -3.0593278, 0.092536926,0
14179, 169039292, 169039293769396, -6.3333645, -3.0479174, 1.7879162,0
14223, 169039493, 169039493158988, -6.2151203, -3.8754988, 0.3916142,0
14269, 169039698, 169039698377972, -6.4269786, -2.7874806, -0.15388632,0
14301, 169039893, 169039893097948, -8.48687, -3.8088202, 0.18739748,0
14340, 169040095, 169040095600618, -6.0044165, -3.2988524, 1.6915598,0
14379, 169040293, 169040293281071, -7.131706, -1.8078377, 0.71273184,0
14418, 169040493, 169040493158988, -5.262682, -3.5234036, 1.8348718,0
14459, 169040701, 169040701735213, -7.2342043, -3.094834, -2.0486925,0
14490, 169040895, 169040895631139, -8.026206, -2.959505, 0.60774183,0
14529, 169041099, 169041099659828, -8.698012, -3.977319, -1.0646384,0
14562, 169041293, 169041293067427, -4.9030743, -3.0670419, -0.17090559,0
14603, 169041493, 169041493158988, -6.6435337, -2.9995673, 1.8174639,0
14650, 169041701, 169041701735212, -6.0236683, -3.74993, 0.56149197,0
14682, 169041893, 169041893158988, -6.131096, -2.6615884, 0.024652958,0
14726, 169042094, 169042094929169, -8.747378, -3.5404916, 0.3876524,0
14769, 169042293, 169042293128469, -5.875489, -3.6789768, 1.3582668,0
14809, 169042493, 169042493220028, -6.137304, -1.7993336, 1.7615519,0
14850, 169042703, 169042703932679, -4.6207066, -3.4756339, 1.2304955,0
14881, 169042895, 169042895997384, -7.077099, -3.5918236, -2.2536712,0
14917, 169043095, 169043095844780, -7.269442, -2.8666656, -0.58321047,0
14934, 169043293, 169043293189508, -9.743633, -5.265464, 0.33674622,0
14978, 169043493, 169043493311591, -6.345016, -2.5295978, 0.43276596,0
15093, 169044072, 169044072954501, -11.25417, 1.12584, 1.1967216,0
15095, 169044093, 169044093616793, -6.8361897, 2.048637, 0.81711316,0
15105, 169044118, 169044118612978, -12.066999, 2.1141088, 1.7109051,0
15107, 169044134, 169044134514094, -18.166222, 1.8755695, 2.3152542,0
15117, 169044174, 169044174587342, -19.77487, 2.9301622, -1.4602981,0
15135, 169044197, 169044197386060, -14.757566, -7.144306, 5.975924,0
15145, 169044221, 169044221588715, -10.292698, -0.8626512, -3.8365018,0
15147, 169044233, 169044233339058, -6.9459915, 0.91346973, -5.752818,0
15149, 169044250, 169044250857751, -5.139449, 1.880233, -4.077432,0
15159, 169044274, 169044274236358, -6.423593, 2.7633696, -2.896625,0
15162, 169044293, 169044293189509, -8.210894, 3.2348633, -1.9299579,0
15164, 169044310, 169044310891325, -8.526001, 3.5179305, -2.0905333,0
15174, 169044334, 169044334392012, -8.509879, 4.0152564, -2.8555713,0
15176, 169044350, 169044350811972, -9.091188, 4.755271, -3.6280904,0
15186, 169044374, 169044374312658, -8.552155, 5.6053476, -3.6118393,0
15188, 169044393, 169044393204768, -7.973108, 6.0485387, -2.3705556,0
15190, 169044412, 169044412920929, -7.543897, 6.328624, -1.0087657,0
15215, 169044449, 169044449636938, -7.30404, 6.74086, 0.21208715,0
15216, 169044453, 169044453848749, -3.62472, 12.621091, -0.4875512,0
15226, 169044476, 169044476220182, -2.815535, 11.504906, 2.4793043,0
15228, 169044493, 169044493983038, -5.97113, 5.9897766, 3.2454848,0
15231, 169044514, 169044514370647, -9.511532, 3.0767913, 3.7404652,0
15241, 169044535, 169044535612826, -11.1610775, 3.0036438, 3.0292687,0
15242, 169044551, 169044551361338, -13.071528, 4.269221, 2.8792658,0
15252, 169044577, 169044577883542, -16.987942, 3.1472287, 4.489508,0
15254, 169044595, 169044595676919, -14.884944, 2.0989525, 2.2108426,0
15256, 169044611, 169044611394910, -9.122231, 2.389777, -0.8962021,0
15265, 169044634, 169044634865076, -4.432411, 2.3742151, -2.5727386,0
15267, 169044651, 169044651437638, -3.240208, 1.9979913, -3.5215442,0
15276, 169044700, 169044700453357, -6.4280257, 1.9168683, -2.4837723,0
15277, 169044703, 169044705153494, -11.628648, 2.178574, -1.0835218,0
15288, 169044720, 169044720749404, -15.742978, 2.530926, -1.5460839,0
15289, 169044732, 169044732072462, -17.774979, 2.0467856, -3.140472,0
15294, 169044752, 169044752704234, -16.117361, 0.6114095, -3.6350803,0
15295, 169044772, 169044772908722, -12.608055, -0.9072969, -3.363245,0
15303, 169044795, 169044796043164, -10.351789, -1.9438727, -2.8091507,0
15305, 169044814, 169044814721631, -8.774797, -2.3802338, -2.41098,0
15307, 169044833, 169044833918945, -7.6494017, -2.4194696, -2.5589366,0
15316, 169044854, 169044854550717, -8.178207, -2.5838962, -3.6696243,0
15318, 169044874, 169044874968847, -9.800878, -2.2504036, -4.076035,0
15328, 169044899, 169044899873471, -10.96133, -0.7247636, -3.6843133,0
15330, 169044917, 169044917666848, -11.554297, 1.3864038, -1.4918147,0
15333, 169044935, 169044935216062, -11.568106, 5.723524, 0.29861662,0
15351, 169044958, 169044958625187, -11.32559, 9.677385, 0.38608652,0
15352, 169044970, 169044970924897, -11.745628, 13.494417, 1.1958638,0
15362, 169045000, 169045000529658, -10.821159, 15.155771, 2.8520958,0
15364, 169045014, 169045014935273, -9.360062, 16.403282, 4.8043523,0
15365, 169045031, 169045031233152, -7.821681, 16.32282, 4.2765684,0
15375, 169045058, 169045058762529, -7.0488405, 12.860756, 0.8362138,0
15376, 169045071, 169045071611606, -4.808472, 10.697282, -1.1359365,0
15388, 169045102, 169045102894987, -1.9888053, 8.079206, -1.899265,0
15390, 169045114, 169045114675851, -1.3362589, 5.570276, -1.9490628,0
15391, 169045130, 169045130943209, 0.49443007, 4.0302486, -1.9841156,0
15398, 169045152, 169045152948397, 3.9534292, 2.0607305, -2.389563,0
15400, 169045172, 169045172908720, 7.0610704, 0.33030486, -3.2002807,0
15402, 169045192, 169045192502799, 7.6386576, -0.8506067, -3.9651833,0
15414, 169045214, 169045214782672, 5.2198296, -1.606693, -3.8181057,0
15415, 169045232, 169045233003334, -1.8374586, -1.3318152, -1.4168129,0
15425, 169045254, 169045254672798, -10.611042, -0.5533161, 1.7464545,0
15427, 169045274, 169045274572081, -12.404718, -0.5063658, 2.9995303,0
15429, 169045293, 169045293494712, -12.890931, -15.922074, 11.680571,0
15439, 169045315, 169045315621982, -12.685011, -15.856923, 11.78799,0
15440, 169045333, 169045333751083, -7.154852, -9.278475, 1.9033422,0
15450, 169045357, 169045357892697, -1.9350781, -6.359654, -2.021455,0
15452, 169045374, 169045374709424, 1.0776534, -5.8320584, -1.5054905,0
15454, 169045391, 169045391953434, 1.1192985, -5.6704516, -1.543066,0
15463, 169045415, 169045415270998, 0.033196926, -5.243481, -0.9810059,0
15480, 169045448, 169045448873928, -0.5729308, -4.540663, -0.6430371,0
15481, 169045453, 169045453421463, -0.95799685, -3.7549367, -1.1437476,0
15491, 169045476, 169045476739027, -1.9793348, -3.002643, -1.8082471,0
15493, 169045493, 169045494044079, -2.9559755, -2.4975502, -2.1640058,0
15495, 169045511, 169045511318611, -2.4523582, -0.9167423, -2.680041,0
15505, 169045534, 169045534849817, -1.2165508, 1.01086, 0.8745234,0
15506, 169045553, 169045553864009, -1.3732767, 1.4688606, 3.3775382,0
15516, 169045578, 169045578402388, -0.69445896, 0.97497606, 5.4098816,0
15518, 169045596, 169045596531489, -1.1848211, 0.05180788, 0.9000168,0
15520, 169045611, 169045611608553, -4.5409327, -2.0630357, 2.709301,0
15530, 169045634, 169045634834556, -7.289079, -3.3178997, 6.2052555,0
15532, 169045653, 169045653238340, -6.5900326, -1.2501502, 8.312096,0
15542, 169045680, 169045680187831, -11.677343, -1.3100674, 6.1869082,0
15561, 169045708, 169045708907501, -11.820311, -2.5649426, 0.9727979,0
15563, 169045713, 169045713973882, -6.668527, -2.4097972, -3.016855,0
15572, 169045734, 169045734178369, -1.9579325, -2.585371, -4.235776,0
15574, 169045754, 169045754474416, -1.915247, -2.7516894, -3.901018,0
15584, 169045780, 169045780752456, -3.9217658, -2.336175, -2.4479687,0
15586, 169045794, 169045794211940, -4.307308, -1.6421947, -1.5412009,0
15588, 169045811, 169045811303349, -3.0820308, -1.070336, -2.156294,0
15598, 169045833, 169045834071547, -1.8474536, -0.8856958, -2.8038213,0
15600, 169045853, 169045854886441, -1.6499934, -1.0024266, -3.562725,0
15610, 169045881, 169045881988531, -1.9094238, -1.3539258, -3.739003,0
15612, 169045894, 169045894196681, -1.6758614, -1.7926555, -3.4494786,0
15613, 169045913, 169045913271913, -0.76932716, -2.1763875, -3.1467643,0
15624, 169045936, 169045936558957, 0.13624954, -2.0345833, -2.696311,0
15639, 169045961, 169045961188897, 7.9255447, 12.3994255, 8.474859,0
15648, 169045997, 169045997172418, 3.5777307, 8.809318, 4.862972,0
15649, 169045998, 169045998088029, -5.772193, -6.5119057, -9.208583,0
15650, 169046012, 169046012402083, -2.9063635, -5.2938347, -6.947709,0
15654, 169046030, 169046030164940, -1.9716549, -4.7910953, -9.70885,0
15655, 169046051, 169046051803884, -0.92762375, -2.3137207, -7.531196,0
15657, 169046072, 169046073015542, -2.437911, 0.44701016, -2.8665705,0
15667, 169046094, 169046094227201, -1.7170572, 2.9634614, -1.5808527,0
15668, 169046113, 169046113485555, -1.9780579, 4.750443, 0.9808658,0
15677, 169046135, 169046135460225, -4.4812994, 6.1890693, 2.5970597,0
15679, 169046153, 169046153467245, -6.3579845, 9.01568, 11.923042,0
15681, 169046170, 169046170985938, -9.087724, 8.773296, 16.42287,0
15704, 169046209, 169046209746810, -10.552483, 4.7651424, 6.1889095,0
15706, 169046217, 169046217285342, -7.631744, 3.7368605, -0.54432297,0
15716, 169046239, 169046239626255, -4.6748557, 2.9911983, -2.5114405,0
15718, 169046255, 169046255191644, -2.0813289, 1.8676095, -2.3329623,0
15719, 169046271, 169046271428482, 1.9131389, 0.8615322, -0.1980269,0
15729, 169046293, 169046293464193, 4.963619, 0.002862215, 1.5527055,0
15731, 169046314, 169046314248566, 6.414372, -0.36597776, 1.9313228,0
15741, 169046339, 169046339244751, 4.9773874, 0.122513056, 1.5223634,0
15743, 169046354, 169046354260774, 0.086140156, -2.6319106, -1.854223,0
15744, 169046370, 169046370863856, -8.500651, -5.780723, -4.523855,0
15753, 169046393, 169046393723615, -11.928886, -4.1519346, -1.9863712,0
15755, 169046414, 169046414538508, -11.841851, -3.1674893, -0.4864874,0
15776, 169046453, 169046453818228, -7.664289, -3.5901961, 0.75679314,0
15777, 169046454, 169046454825400, -3.4653168, -5.569723, 2.6169276,0
15778, 169046474, 169046474694162, -3.8117943, -8.515223, 10.019805,0
15788, 169046494, 169046494898649, -3.815425, -5.821678, 15.045225,0
15790, 169046515, 169046515194697, -3.657247, -2.7894628, 11.143536,0
15792, 169046530, 169046530912688, -2.958372, -2.878456, 2.9346018,0
15801, 169046553, 169046553467243, -2.6696777, -3.4271355, -0.33440924,0
15803, 169046570, 169046570955416, -2.5480986, -2.9596388, -2.0012598,0
15813, 169046596, 169046596653570, -2.9885044, -2.3990178, -2.7738464,0
15815, 169046613, 169046614233306, -1.9923182, -1.7131557, -2.642698,0
15817, 169046630, 169046630897429, -0.19381952, -1.1457117, -2.5351343,0
15826, 169046654, 169046654214993, 0.9640484, -0.7115376, -1.9799931,0
15828, 169046673, 169046673686990, 1.1226397, -0.07455468, -1.131973,0
15849, 169046711, 169046711104966, -1.4589252, 0.49689937, 0.17164826,0
15850, 169046714, 169046714340126, -6.2322264, -0.85110164, -6.610642,0
15852, 169046733, 169046733354318, -6.8124294, -2.4758606, -1.6168394,0
15861, 169046754, 169046754901702, -2.5359507, -2.3986757, 0.561249,0
15863, 169046774, 169046774099016, -1.154427, -0.4350114, 2.3533533,0
15873, 169046798, 169046798118549, -8.44079, 1.5839877, 5.5182953,0
15875, 169046815, 169046815759324, -12.670534, -2.7617748, 11.213657,0
15877, 169046832, 169046832698130, -10.843952, -7.3092203, 13.938304,0
15886, 169046854, 169046854337074, -4.3492537, -6.0876985, 7.3765945,0
15888, 169046873, 169046873381786, 0.5024843, -4.5285864, 0.50488234,0
15898, 169046909, 169046909273745, 2.3687873, -3.9936385, -1.2943461,0
15900, 169046914, 169046914981054, 0.5651436, -3.2625809, -1.5230479,0
15903, 169046934, 169046934086807, -1.4339404, -2.1357305, -0.9320488,0
15922, 169046964, 169046964820822, -3.7282238, -1.1775723, -1.1631341,0
15923, 169046977, 169046977364695, -5.430807, -0.8917837, -2.2360585,0
15931, 169046999, 169046999491965, -4.081097, -1.24823, -2.7374864,0
15933, 169047013, 169047013195612, -1.8244877, -2.1190314, -2.5674257,0
15934, 169047031, 169047031568876, -0.41141224, -2.640347, -2.142315,0
15943, 169047053, 169047053390942, -0.0068387985, -2.9237418, -1.7207876,0
15945, 169047074, 169047074175316, 0.16691208, -2.6031384, -2.14222,0
15954, 169047101, 169047101155325, -0.29824162, -2.3275588, -2.6795783,0
15956, 169047113, 169047113302433, 0.14094257, -3.5720701, -8.095944,0
15957, 169047134, 169047134330969, -2.6321955, -4.2034264, -3.7324758,0
15965, 169047154, 169047154749100, -3.2400293, -1.3855819, 0.09597108,0
15967, 169047174, 169047175045147, -4.0994883, 0.24396181, 0.32394946,0
15970, 169047191, 169047191159904, -4.0930843, 2.0161996, 1.150441,0
15985, 169047215, 169047215881405, -4.537709, 4.695923, 1.8823322,0
15986, 169047230, 169047230927949, -3.864172, 10.766974, 11.331234,0
15995, 169047260, 169047260105424, -3.790749, 10.266151, 18.140823,0
15997, 169047277, 169047277105272, -4.208046, 5.7615385, 12.732526,0
15998, 169047291, 169047291541408, -2.6346626, 1.3489885, 3.5742779,0
16006, 169047313, 169047313668678, -1.6331501, -0.18773675, 0.3413024,0
16007, 169047334, 169047334086807, -1.8870478, -0.2402277, -1.8116577,0
16012, 169047351, 169047351422378, -3.3445601, -0.37416053, -1.3626435,0
16013, 169047375, 169047375838677, -2.9329767, -0.80148816, 0.20235085,0
16015, 169047390, 169047390732618, -0.47123003, -1.5273733, 0.8987982,0
16023, 169047413, 169047413104051, 1.6246233, -2.0984936, 0.9368112,0
16037, 169047445, 169047445242002, 0.5398612, -2.0660017, 0.6674504,0
16046, 169047460, 169047461051556, -5.3415394, -1.6842685, 0.39578557,0
16048, 169047476, 169047476281223, -11.341026, -1.5583944, 0.4926641,0
16049, 169047494, 169047494257722, -12.037029, -3.662425, 3.748096,0
16124, 169047902, 169047902254059, -12.344538, -15.135202, 13.639969,0
16177, 169048159, 169048159449236, -8.789574, -3.7251987, 16.163298,0
16220, 169048360, 169048360273286, -3.0682187, -5.5565915, -2.962097,0
16264, 169048559, 169048559662879, -10.376896, 1.01825, -2.9927716,0
16303, 169048762, 169048762409713, -8.011768, -2.492452, -2.9668713,0
16343, 169048960, 169048960303806, -4.9413466, -1.2348598, -2.073845,0
16379, 169049159, 169049159174553, -5.8150654, -0.026222467, -3.1913795,0
16423, 169049358, 169049358808309, -2.4059625, 0.0039572716, -1.7042484,0
16468, 169049559, 169049559327156, -5.6423306, -3.015145, -6.025145,0
16514, 169049760, 169049760578489, -5.548599, -1.7873697, -2.0697489,0
16557, 169049959, 169049959540797, -7.07846, -3.2457876, -3.5097172,0
16592, 169050158, 169050158991430, -2.2547965, -1.6599991, -1.7063456,0
16631, 169050359, 169050359235593, -4.538415, -0.5211121, -0.6169281,0
16668, 169050558, 169050558228421, -2.3402004, -2.9222121, -1.023262,0
16711, 169050763, 169050763081160, -3.0916705, -0.14038134, -0.7049227,0
16755, 169050967, 169050967354013, -3.7369494, -3.0609565, -0.5505128,0
16777, 169051158, 169051158075819, -1.1295123, -0.94776416, 1.8527155,0
16798, 169051357, 169051357556974, -3.8023257, -2.6989934, -0.5754256,0
16815, 169051558, 169051558625185, -1.1940699, -0.5581082, 0.3028965,0
16836, 169051757, 169051757526452, -4.9688683, -3.940689, -4.487034,0
16865, 169051957, 169051957801137, -3.7308445, -1.2227716, -0.19068909,0
16887, 169052157, 169052157648533, -5.7492065, -3.983559, 1.6691089,0
16917, 169052357, 169052357831656, -1.4859996, -2.8170109, -0.3561406,0
16945, 169052558, 169052558503104, -2.1602402, -1.0019468, -0.09716177,0
16984, 169052758, 169052758899870, -3.7223291, -5.083916, -1.0290153,0
17024, 169052964, 169052964271455, -4.370981, -0.98964167, 1.8690081,0
17055, 169053169, 169053169673560, -5.3113303, -0.05120635, -1.6964698,0
17093, 169053366, 169053366529963, -1.343471, -2.3117414, 1.3381965,0
17127, 169053565, 169053565980596, -2.8602934, -1.3848784, -2.4778414,0
17166, 169053759, 169053759968082, -0.8182955, 1.0013921, 2.16421,0
17202, 169053961, 169053961799306, -6.0575466, -3.688696, -6.1973724,0
17234, 169054161, 169054161066816, -2.73945, -0.021186829, -0.40313435,0
17273, 169054358, 169054358899869, -3.2884808, -1.5930848, 2.8844855,0
17312, 169054558, 169054558991430, -0.87637186, -2.1300013, -1.4861474,0
17353, 169054759, 169054759174553, -1.6650038, 3.0478237, 0.69179296,0
17389, 169054959, 169054959571316, -1.7263756, -3.139304, -0.6478586,0
17414, 169055170, 169055170375529, -3.8927393, 1.422512, 1.6655755,0
17440, 169055361, 169055362012947, -3.8853397, -0.28444362, -0.92796254,0
17457, 169055557, 169055557618013, -1.8889012, -2.9563618, 0.57669735,0
17476, 169055761, 169055761738264, -1.9425354, -0.2505784, 0.5779929,0
17493, 169055964, 169055964576658, -0.9571953, 1.189719, -0.13821459,0
17508, 169056229, 169056229371409, -3.906968, -3.707377, -4.526318,0
17522, 169056379, 169056379043315, -2.7779117, -0.4785819, 1.4426734,0
17536, 169056801, 169056801750471, -7.9201617, -4.3589387, 1.600235,0
17536, 169056802, 169056802208277, -3.0829167, -3.4421225, -0.2117114,0
17553, 169056960, 169056960517448, -5.1712656, 0.7639258, 0.20946169,0
17567, 169057158, 169057158045299, -2.243637, -2.345819, 1.7174174,0
17583, 169057357, 169057357770614, -4.9212527, 2.8087165, -1.5982013,0
17605, 169057562, 169057562440231, -2.3277469, -1.2277467, 0.63973093,0
17625, 169057761, 169057761188897, -1.01262, -0.4261893, 2.3130786,0
17641, 169057959, 169057959266113, -1.6319151, -0.55984783, 3.9263947,0
17658, 169058158, 169058158655706, -0.44236565, -0.1518054, 0.84620976,0
17680, 169058358, 169058358899869, -1.6863589, -2.460846, -1.7150126,0
17697, 169058558, 169058558533624, -2.5000362, -1.3645217, 0.45700598,0
17712, 169058757, 169058757984258, -6.266056, -3.6799014, -1.1392026,0
17748, 169058967, 169058967872858, -0.5285449, -1.3168807, 1.3860765,0
17763, 169059160, 169059160059643, -4.823663, -0.7259314, -0.27066135,0
17784, 169059358, 169059358869348, -0.85124016, -0.48569643, 2.8017879,0
17815, 169059559, 169059559052471, -4.7124414, -2.042128, -3.8054354,0
17835, 169059762, 169059762592833, -2.6241002, -0.7775705, 0.03939104,0
17864, 169059958, 169059958289461, -3.0787764, -3.1226032, 1.6414866,0
17880, 169060157, 169060157801134, -0.95563126, -0.9284656, 0.83237314,0
17903, 169060359, 169060359113511, -2.7068272, 1.9199396, 0.63440037,0
17943, 169060559, 169060559632356, -2.1598763, -2.939973, 0.6529498,0
17978, 169060759, 169060759510275, -4.8689137, 0.30275488, 1.7137527,0
18017, 169060959, 169060959174552, -4.0703206, 1.9159317, -0.7630286,0
18048, 169061159, 169061159082990, -3.2863398, -4.455193, 0.6158428,0
18093, 169061359, 169061359327153, -2.0442648, 2.5867229, 2.802051,0
18137, 169061561, 169061561921386, -1.061698, 2.783858, 0.3392949,0
18176, 169061759, 169061759174551, -2.7986264, -2.5143309, -4.298469,0
18215, 169061959, 169061959144031, -3.2563992, -2.3832164, 2.566232,0
18247, 169062159, 169062159205071, -4.30286, -1.418061, 0.18299818,0
18280, 169062358, 169062359052470, -1.0436563, -2.4380968, 0.87084293,0
18319, 169062559, 169062559540796, -3.3187609, 2.699822, 2.2460785,0
18359, 169062759, 169062759449234, -0.09862614, 1.6381794, 3.0903358,0
18399, 169062960, 169062960090163, -4.765188, -1.3343322, -4.481052,0
18430, 169063159, 169063159418714, -7.0767508, -1.5592451, 0.64480996,0
18472, 169063360, 169063360303805, -0.036709785, -2.2651148, 0.7036667,0
18510, 169063564, 169063564851342, -1.9133248, 0.72853565, 1.0240026,0
18550, 169063762, 169063762531793, -1.156311, 1.0182681, 0.604311,0
18588, 169063959, 169063959235592, -4.546619, -3.519163, -4.7573886,0
18626, 169064159, 169064159754438, -2.3771672, -0.40037155, 1.0388293,0
18675, 169064358, 169064358960910, -4.8308973, -0.969324, 3.5477986,0
18723, 169064561, 169064561799303, -1.3898282, -3.2726989, -0.6348388,0
18775, 169064760, 169064760395366, -4.8079824, 3.5092473, 2.0267925,0
18819, 169064959, 169064959357674, -1.3110704, -0.30452037, 1.9538732,0
18851, 169065160, 169065160364845, -5.2716465, 1.3195405, -3.3794208,0
18890, 169065360, 169065360761610, -0.7084675, -0.2982955, 0.60017824,0
18934, 169065559, 169065559937560, -1.3040371, -2.5455854, 1.8204894,0
18975, 169065759, 169065759937560, -2.6475224, -1.3872623, 0.15745878,0
19020, 169065963, 169065963111679, -2.3757496, 1.6819917, -0.53933907,0
19055, 169066159, 169066159662878, -2.8717923, -2.9884832, -3.855227,0
19098, 169066361, 169066361555140, -2.5669131, 0.9793868, 1.4086285,0
19129, 169066561, 169066561677221, -4.4534235, -0.34098744, 1.9478245,0
19152, 169066759, 169066759235592, -0.4462042, -2.1155615, -0.43768835,0
19179, 169066962, 169066962592832, -4.424424, 3.000195, 1.0830007,0
19201, 169067158, 169067159021949, -0.7272072, -0.9494302, 1.581489,0
19232, 169067359, 169067359571315, -2.7514887, 3.3536425, 0.41335917,0
19276, 169067560, 169067560914212, -1.0172577, -1.6231122, 0.7499306,0
19319, 169067760, 169067760486927, -0.7691078, -0.6350421, 1.924988,0
19351, 169067960, 169067960517447, -0.86647224, -0.99864626, 1.7961168,0
19383, 169068159, 169068159723917, -1.4299107, 0.6816915, 0.2846794,0
19431, 169068362, 169068362714914, -1.8331642, -2.9927356, -2.5601475,0
19480, 169068565, 169068565766952, -2.2389278, -0.8784375, 1.7653818,0
19527, 169068767, 169068767689735, -6.9716644, -3.161038, -1.0432463,0
19570, 169068959, 169068960059641, -1.7069736, -2.4967604, 1.4113421,0
19607, 169069159, 169069159968080, -5.0996203, -0.43297362, 0.8109317,0
19656, 169069360, 169069360731089, -1.0767574, -1.2339467, 2.486635,0
19691, 169069560, 169069560792130, -3.0463014, 2.442728, -1.8833725,0
19737, 169069760, 169069760914213, -5.325243, -2.6679878, 0.73603535,0
19788, 169069960, 169069960090162, -0.8273668, 0.024037361, 4.53218,0
19825, 169070161, 169070161890863, -4.3673434, -1.8933344, -1.2046819,0
19875, 169070362, 169070362196068, -1.2917948, 2.3719764, 1.5047011,0
19926, 169070568, 169070568239101, -3.6736093, -2.8683524, -4.9157543,0
19971, 169070760, 169070760395365, -2.4901195, -0.23989058, 0.9789014,0
20016, 169070959, 169070960090162, -7.885323, -4.4580746, -0.74144316,0
20053, 169071164, 169071164271452, -1.4461503, -1.8790975, 1.4555712,0
20092, 169071359, 169071359693396, -4.811962, -0.38296127, -0.25052786,0
20135, 169071559, 169071559907038, -1.1059961, -0.8819233, 2.5892084,0
20175, 169071763, 169071763386362, -3.2953868, 0.35546947, -3.1261358,0
20226, 169071960, 169071960273284, -2.7185493, -2.24623, 1.0263801,0
20261, 169072160, 169072160212242, -1.7250786, -1.3794746, 1.9467783,0
20308, 169072363, 169072363172720, -0.18539381, -0.75691676, 1.094094,0
20359, 169072568, 169072568391703, -1.2800903, -0.040991902, -0.33714485,0
20404, 169072760, 169072761036293, -3.0049863, -3.9389606, -2.3267188,0
20439, 169072960, 169072960853172, -2.2173195, 0.005546093, 2.632211,0
20460, 169073159, 169073159754438, -6.8444147, -1.9982102, -0.4649744,0
20481, 169073361, 169073361433058, -1.0339403, -2.2321835, 0.80949664,0
20497, 169073560, 169073560090162, -4.0242686, 0.7202985, 0.721931,0
20520, 169073763, 169073763233760, -0.74270916, -0.10043347, 1.8578384,0
20564, 169073959, 169073959784957, -4.3345838, -1.5173345, -4.4015284,0
20587, 169074164, 169074164088330, -3.348115, -2.4655066, 1.9206133,0
20600, 169074358, 169074358625183, -2.7910132, -0.7014785, 0.47670555,0
20618, 169074559, 169074559754436, -0.421484, -2.1899867, 0.17361307,0
20647, 169074758, 169074759021949, -3.0902138, 0.46185398, 1.7666273,0
20664, 169074959, 169074959632356, -0.8240156, -1.7923591, 1.48558,0
20680, 169075164, 169075164363013, -3.158308, 1.6871088, 0.90328884,0
20725, 169075660, 169075660196983, -9.797178, 1.6039517, 2.4221659,0
20728, 169075691, 169075691327762, -12.521414, -2.8191276, 1.1222768,0
20734, 169075700, 169075700178670, -5.9717054, -3.9454627, 0.11156225,0
20735, 169075719, 169075719589626, 0.13804626, -4.11396, -0.33091807,0
20738, 169075742, 169075742510427, 0.8418441, -3.6435878, -2.6508415,0
20739, 169075761, 169075761677220, -1.0491867, -3.3103166, -1.1316528,0
20743, 169075783, 169075783621368, -2.5533485, -2.3472068, -0.62002563,0
20744, 169075800, 169075800163409, -3.6909003, -1.3926239, -1.7082973,0
20744, 169075820, 169075820520497, -5.572803, -0.72421336, -3.3618863,0
20748, 169075841, 169075841060710, -6.3094077, -0.9291022, -4.9324737,0
20748, 169075859, 169075860013861, -5.2343316, -1.8182122, -5.044969,0
20752, 169075882, 169075883026221, -3.6081386, -2.8194268, -4.495005,0
20752, 169075900, 169075900422833, -2.4671497, -3.4802697, -3.8438797,0
20753, 169075920, 169075920291595, -1.6495595, -3.8163443, -3.8704276,0
20759, 169075943, 169075943639680, -1.8000102, -3.7963085, -4.5237274,0
20760, 169075960, 169075960425885, -2.8007407, -3.7369351, -5.6881623,0
20760, 169075980, 169075980142046, -3.186555, -3.6867027, -7.3183727,0
20764, 169076001, 169076001048500, -3.5583134, -3.5124693, -7.15434,0
20764, 169076020, 169076020062692, -4.457262, -2.0126164, -6.695887,0
20768, 169076038, 169076038435956, -6.006078, 0.69832706, -3.7495098,0
20769, 169076059, 169076060013860, -4.4521713, 7.5420656, -0.3941437,0
20769, 169076080, 169076080218346, -2.3518558, 12.809851, 9.526685,0
20773, 169076100, 169076100148149, -0.34850883, 11.94212, 15.8843,0
20773, 169076119, 169076119711708, -4.1170983, 3.5449333, 13.957,0
20778, 169076143, 169076143975405, -4.3429875, -0.7781756, 3.8108115,0
20779, 169076160, 169076160547967, -3.982851, -1.8571954, -1.234087,0
20781, 169076180, 169076180752454, -5.6670065, -1.4864712, -2.8546712,0
20792, 169076200, 169076200773818, -7.3982024, -1.0973737, -3.2965345,0
20793, 169076224, 169076224366065, -7.478134, -1.168647, -1.8058348,0
20802, 169076244, 169076244265348, -4.8237653, -1.6745944, -0.6144781,0
20803, 169076262, 169076262882774, -1.6654544, -2.304732, -0.21250439,0
20805, 169076279, 169076279546899, 1.0339904, -2.568684, -0.45750952,0
20813, 169076301, 169076301491046, -0.2016964, -2.627396, -1.0259783,0
20815, 169076322, 169076322061777, -5.125899, -2.5772877, -1.2361856,0
20823, 169076346, 169076346111830, -9.826945, -2.776372, -0.9971838,0
20825, 169076361, 169076361768782, -12.377628, -3.3419895, -0.52364457,0
20827, 169076382, 169076382827838, -10.500223, -4.4010887, -1.6923623,0
20835, 169076402, 169076402116713, -11.5707, -16.724691, 11.244858,0
20836, 169076423, 169076423236811, -6.549116, -10.070265, 7.930393,0
20853, 169076457, 169076457633272, -2.0785623, -4.6334095, 1.0256736,0
20854, 169076461, 169076461845083, -1.3362913, -3.4585755, 0.46771622,0
20856, 169076481, 169076481652805, -1.8181376, -3.0870097, 3.2102287,0
20864, 169076501, 169076501735209, -2.9782338, -3.1907337, 3.5861168,0
20866, 169076521, 169076522000736, -3.1350102, -2.668805, 4.6118565,0
20874, 169076551, 169076551208732, -3.1340303, -2.807361, 2.3298569,0
20876, 169076564, 169076564790298, -3.1754303, -2.8367224, -1.0737948,0
20877, 169076581, 169076582003789, -2.8991032, -2.4096053, -2.666461,0
20886, 169076603, 169076604039497, -2.0573974, -1.9828081, -2.778043,0
20888, 169076629, 169076629249324, -1.3219943, -1.6538093, -2.6287918,0
20889, 169076639, 169076639229486, -1.0249362, -1.159945, -1.7442157,0
20897, 169076661, 169076661387276, -0.94421625, -0.64211106, -0.6025505,0
20899, 169076680, 169076680584591, -2.7159247, 0.24563122, -0.07611656,0
20906, 169076700, 169076700850119, -4.2725205, 4.3571444, 3.9347827,0
20907, 169076720, 169076720718881, -7.471202, 1.2225881, 6.024718,0
20908, 169076740, 169076740648684, -5.168098, -3.0120888, 3.444203,0
20913, 169076762, 169076762714913, -3.2255979, -3.8835335, 0.12643051,0
20914, 169076781, 169076781729105, -8.393566, -2.4657967, 1.7464266,0
20923, 169076804, 169076804283660, -13.724392, -2.1769261, 2.0000486,0
20925, 169076822, 169076823053689, -13.727053, -2.8396354, -1.6149178,0
20927, 169076841, 169076841793198, -7.0527983, -3.8611753, -1.870233,0
20935, 169076861, 169076861326236, -0.8895831, -4.6076922, -2.7062213,0
20937, 169076883, 169076883300903, -0.23630571, -4.845989, -2.5541234,0
20945, 169076908, 169076908205528, -2.642918, -4.242002, -0.4439788,0
20947, 169076919, 169076919589627, -4.3115325, -3.3586922, -0.041009426,0
20963, 169076951, 169076951330814, -4.439696, -2.6128187, -1.262536,0
20964, 169076958, 169076958960907, -4.8151836, -2.1987894, -2.3779774,0
20969, 169076980, 169076980874534, -4.9644265, -2.434173, -3.3979223,0
20971, 169077000, 169077000682257, -4.0569763, -3.2014267, -3.1762452,0
20975, 169077020, 169077020795182, -3.208703, -3.9196668, -2.1434712,0
20976, 169077042, 169077042281524, -2.5461793, -4.2071104, -1.2802827,0
20977, 169077058, 169077058945647, -1.3372655, -4.276106, -1.1780009,0
20980, 169077080, 169077080279387, -0.3872881, -4.23742, -1.6357064,0
20981, 169077100, 169077100056588, -0.4116907, -3.876492, -2.1487074,0
20988, 169077125, 169077125693702, -0.8072767, -3.3691845, -2.642215,0
20990, 169077141, 169077141106489, -1.2899637, -2.7198331, -1.9622741,0
20991, 169077162, 169077162562311, -2.4780636, -1.6251954, -2.747436,0
21000, 169077181, 169077181820666, -3.883833, 1.0888282, -0.16213787,0
21014, 169077206, 169077206114883, -2.7832766, 5.8404055, 3.8492622,0
21022, 169077228, 169077228974641, -0.80598736, 7.7582664, 9.067888,0
21024, 169077241, 169077241457473, 2.2052288, 10.197772, 18.498138,0
21025, 169077262, 169077262638611, -1.382493, 4.8229666, 18.121035,0
21034, 169077282, 169077282446333, -2.3085117, 0.7884455, 8.867769,0
21036, 169077301, 169077301399485, -1.6798859, -0.938409, 1.5810683,0
21044, 169077329, 169077329417187, -1.8328986, -0.8846861, -0.5568006,0
21046, 169077342, 169077342083142, -2.541728, -0.6012385, -1.5441947,0
21047, 169077359, 169077359327152, -3.8563762, -0.4238329, -0.9166093,0
21056, 169077381, 169077381454421, -3.6845784, -0.526335, 0.13313842,0
21057, 169077401, 169077401811510, -2.4692693, -0.76605105, 0.6187799,0
21059, 169077422, 169077422412761, -1.7232833, -1.0849481, 0.2947533,0
21079, 169077454, 169077454794876, -4.638921, -1.302053, -0.11762571,0
21081, 169077461, 169077461417797, -8.585762, -1.980001, -0.6638551,0
21089, 169077481, 169077481530722, -9.6167145, -3.075275, -0.86205864,0
21091, 169077501, 169077501399484, -6.67653, -5.2304335, -2.3487663,0
21093, 169077521, 169077521390329, -6.406465, -9.812554, 4.0514317,0
21101, 169077544, 169077544097486, -2.6772547, -3.0479054, 6.16125,0
21102, 169077561, 169077561280455, -1.0665703, -1.2595091, 2.4326005,0
21110, 169077582, 169077582888878, 0.71182585, -0.07513332, 4.9066076,0
21112, 169077602, 169077602910242, -0.582397, -0.8037081, 8.4209385,0
21114, 169077622, 169077622595884, -2.0498924, -2.0546584, 8.20966,0
21123, 169077641, 169077641426954, -2.4483485, -2.6267257, 5.0171404,0
21124, 169077661, 169077661845083, -3.0867524, -2.5351205, 0.65819883,0
21133, 169077685, 169077685284728, -3.8171163, -1.6636672, -2.7313623,0
21148, 169077708, 169077708266568, -4.1167736, -0.9169977, -4.3876505,0
21149, 169077719, 169077719894830, -2.8074074, -0.43152118, -5.260002,0
21157, 169077741, 169077741411693, -0.7072606, 0.017704487, -4.9249125,0
21159, 169077761, 169077761646700, 0.37938356, 0.6075361, -3.6063666,0
21167, 169077786, 169077786673405, 0.041356087, 1.6904842, -2.245746,0
21169, 169077801, 169077801384224, -1.7394509, 2.9789143, -1.2579751,0
21170, 169077822, 169077822321199, -2.8821716, 3.8782532, -1.2774413,0
21178, 169077841, 169077841457474, -3.8378792, 2.7899323, -9.387718,0
21180, 169077860, 169077860990512, -3.7756853, 3.079862, -4.3878784,0
21185, 169077887, 169077887970520, -1.9271932, 2.0792127, 1.4129734,0
21186, 169077902, 169077902193014, -0.07856655, 1.0540528, 3.5638056,0
21187, 169077919, 169077919284423, -4.3200436, 2.2591739, 11.025165,0
21204, 169077952, 169077953039955, -12.066608, 1.3984752, 13.611521,0
21205, 169077962, 169077962409710, -13.6636505, -0.82685256, 9.738144,0
21214, 169077991, 169077991587185, -10.560904, -0.6047332, 1.2113624,0
21216, 169078006, 169078006206443, -2.125493, -0.8024702, -3.1360364,0
21217, 169078021, 169078021375068, 2.9700577, -1.1738113, -4.419602,0
21226, 169078043, 169078043746502, 2.2990265, -0.96808827, -3.7082064,0
21228, 169078061, 169078061387277, -0.7203636, 0.17862153, -1.8318858,0
21230, 169078081, 169078081378120, -3.0857, 1.7287402, -0.9783082,0
21238, 169078102, 169078102131973, -3.8867006, 3.1443472, -2.0086088,0
21239, 169078121, 169078121420848, -4.168801, 3.599039, -3.6304414,0
21248, 169078147, 169078147729410, -2.4473624, 3.016205, -4.476536,0
21250, 169078170, 169078170406046, -1.0192385, 2.236226, -4.0224295,0
21252, 169078183, 169078183743449, -1.549058, 1.5807049, -2.9617798,0
21266, 169078206, 169078206450606, -2.1065788, 1.3725291, -2.3602962,0
21267, 169078221, 169078221283506, -1.9136305, 1.6114923, -2.8566833,0
21271, 169078242, 169078242891932, -1.936367, 2.02236, -3.8642125,0
21272, 169078259, 169078259433973, -1.4175291, 1.7779024, -4.5120683,0
21274, 169078280, 169078280828754, 0.6501231, 0.20615983, -6.6822424,0
21279, 169078300, 169078300850118, -1.2240658, 0.8995683, -3.6625009,0
21281, 169078322, 169078323007908, -4.8772073, 2.5130544, 0.2797767,0
21286, 169078343, 169078343090313, -5.7641115, 3.3665264, 0.45229185,0
21287, 169078360, 169078361005772, -6.7730036, 7.0575285, 0.5779822,0
21288, 169078380, 169078380813494, -7.276866, 12.319598, 3.6016488,0
21292, 169078401, 169078401323184, -5.3889265, 19.154846, 13.415486,0
21293, 169078421, 169078421375068, -2.1369905, 17.994175, 20.542223,0
21310, 169078455, 169078455710487, -1.6882887, 10.1944, 19.101093,0
21311, 169078462, 169078462455490, -0.17205524, 5.9300275, 7.65311,0
21312, 169078481, 169078481896967, -0.3044958, 4.282994, 2.7310514,0
21320, 169078501, 169078501491045, -2.4934034, 4.401562, 0.7241986,0
21322, 169078521, 169078521603970, -2.935423, 4.7506056, -0.6420951,0
21330, 169078549, 169078549652194, -2.7654667, 4.8156834, 0.44085312,0
21332, 169078561, 169078561677221, -2.2644072, 4.679441, 0.902498,0
21334, 169078581, 169078581362861, 0.025261879, 4.427336, 0.98906016,0
21342, 169078604, 169078604405742, 2.6845064, 4.304082, 0.5585258,0
21344, 169078625, 169078625312196, 3.4849577, 4.1576133, -0.3234744,0
21346, 169078639, 169078639290527, -0.60140705, 4.2335434, -0.48926997,0
21354, 169078661, 169078661753520, -5.880265, 4.057369, -0.39286757,0
21356, 169078681, 169078681835926, -9.172158, 3.776722, -0.65858245,0
21372, 169078715, 169078715286254, -7.51503, 1.4716961, -3.6223495,0
21374, 169078722, 169078722183858, -7.0989494, -6.4342117, -2.5527525,0
21375, 169078739, 169078739275266, -2.92451, -1.3154677, 3.95181,0
21383, 169078762, 169078762226587, 0.3652401, 3.1874623, 2.653873,0
21385, 169078783, 169078783163562, 4.1259394, 6.754225, 9.060939,0
21394, 169078806, 169078806389565, 2.703134, 6.562664, 15.518643,0
21395, 169078823, 169078823175770, -0.86583996, 2.8734424, 13.416611,0
21397, 169078842, 169078842281523, -1.2954426, 0.45317745, 4.609063,0
21405, 169078861, 169078861906124, -0.9733596, -0.46713865, 0.13004541,0
21407, 169078881, 169078881561243, -1.0785432, -0.37205315, -1.6712422,0
21415, 169078910, 169078910402995, -0.8499856, -0.051277995, -3.2351959,0
21417, 169078921, 169078921634492, 0.43063164, 0.51898074, -2.984192,0
21431, 169078944, 169078944829974, 1.8877096, 1.166055, -2.4180992,0
21440, 169078961, 169078961494097, 2.3386612, 1.9516503, -1.45084,0
21442, 169078982, 169078982095348, 1.531168, 2.9246457, -0.61941624,0
21450, 169079007, 169079007457779, 0.8767195, 3.813135, -0.7656636,0
21452, 169079021, 169079022046517, 1.1198874, 4.3144693, -1.1449487,0
21453, 169079041, 169079041487994, 1.7139568, 4.5138416, -0.76306987,0
21462, 169079061, 169079061509358, 1.4502678, 2.9857054, -6.990441,0
21535, 169079460, 169079460776869, 0.5323181, 2.536269, -1.791331,0
21588, 169079715, 169079715499897, -10.7453, 0.7804134, -1.767046,0
21620, 169079915, 169079916018744, -4.3365407, 10.149772, 0.32074404,0
21659, 169080114, 169080114828448, -7.081295, 7.732011, 0.22609568,0
21699, 169080314, 169080314767408, -2.4324079, 4.993423, -0.75033355,0
21738, 169080514, 169080514157001, -8.622473, 7.918497, 2.5281906,0
21775, 169080715, 169080715652498, -3.2412148, 7.1263175, 0.93006516,0
21806, 169080918, 169080918643494, -4.194009, 5.9666224, -3.0583992,0
21851, 169081114, 169081114797929, -2.1589475, 5.114374, -0.31931973,0
21897, 169081316, 169081316262906, -3.6150923, 1.5333763, -0.7742553,0
21942, 169081519, 169081519375983, -0.5337763, 3.2533455, 0.26957607,0
21989, 169081720, 169081720718880, -4.9507384, 4.938068, 0.19976759,0
22014, 169081915, 169081915164173, -2.2550926, 5.114812, 1.8920071,0
22058, 169082114, 169082114797928, -3.619217, -0.043685913, -5.265834,0
22103, 169082315, 169082315377814, -3.2073355, 0.44159555, -0.015581608,0
22146, 169082514, 169082514828448, -2.6793327, -2.4710255, 2.2561188,0
22187, 169082715, 169082715347296, -1.0245876, 1.5377198, 1.8592925,0
22219, 169082915, 169082915316774, -0.85459805, 0.47752613, 0.18027496,0
22258, 169083114, 169083114797928, -0.73189163, 0.098416865, 0.6681843,0
22296, 169083314, 169083314828447, -1.0016556, -0.53235465, -0.080593586,0
22336, 169083514, 169083514920009, -0.96451473, -0.04736501, 0.49910688,0
22382, 169083715, 169083715560937, -1.0866938, -0.32263368, 0.26610565,0
22414, 169083915, 169083915438855, -1.4734774, -0.7964914, 0.03766775,0
22472, 169084147, 169084147790450, -1.9224186, -0.7441218, -0.37341595,0
22529, 169084316, 169084317025915, -1.9197001, -1.0206869, 0.2301817,0
22561, 169084515, 169084515316774, -1.8789983, -1.2173216, 0.53409433,0
22608, 169084715, 169084716049263, -2.133647, -1.3495429, 0.24728584,0
22637, 169084915, 169084915103132, -2.1932497, -1.3643619, 0.30389452,0
22675, 169085117, 169085117178516, -2.126008, -1.5093044, 0.5820055,0
