12659, 149258711, 149258711339312, -8.548497, -0.54527944, 3.4093432,0
12659, 149258711, 149258711785562, -8.53054, -0.31663316, 5.000889,0
12660, 149258711, 149258711996500, -8.841188, -0.30466217, 4.789002,0
12669, 149258731, 149258731858948, -8.823831, -0.3788824, 4.675277,0
12672, 149258764, 149258764161395, -8.532935, -0.37948096, 5.3127337,0
12678, 149258777, 149258777050249, -8.67958, -0.24899697, 5.7766104,0
12682, 149258788, 149258788511395, -8.99322, -0.24899697, 5.4444146,0
12684, 149258805, 149258805952541, -8.924985, -0.26515785, 4.1784806,0
12688, 149258826, 149258826211083, -8.859743, -0.27114335, 3.6529531,0
12690, 149258846, 149258846172072, -8.595782, -0.35793316, 3.8708255,0
12691, 149258866, 149258866090562, -8.517372, -0.47046062, 4.040814,0
12695, 149258889, 149258889716916, -8.517372, -0.4878186, 4.1611223,0
12697, 149258906, 149258906228999, -8.611943, -0.9103952, 4.028843,0
12701, 149258925, 149258925826447, -8.65025, -0.81881696, 3.6128504,0
12703, 149258946, 149258946719885, -8.992621, -1.0019734, 3.819949,0
12705, 149258966, 149258966202854, -9.348161, -1.0546459, 5.3803697,0
12711, 149258989, 149258989578166, -9.490017, -0.56682724, 6.5068417,0
12713, 149259005, 149259005890302, -9.388862, -0.2753332, 6.5146227,0
12715, 149259026, 149259026247854, -9.56304, -0.83737206, 3.684078,0
12717, 149259045, 149259045884885, -9.494805, -0.9032126, 0.7116765,0
12718, 149259066, 149259066895666, -9.691729, -0.670975, 2.223615,0
12724, 149259114, 149259114906291, -9.611523, -0.60453594, 1.8806454,0
12724, 149259115, 149259115103479, -9.611523, -0.60453594, 1.8806454,0
12724, 149259115, 149259115275041, -9.622895, -0.5398925, 3.3327289,0
12726, 149259125, 149259125247385, -9.492412, -0.6344634, 3.271078,0
12745, 149259306, 149259306091395, -9.301474, -1.2491747, 2.2014685,0
12771, 149259485, 149259485927020, -9.445126, -0.19752164, 1.8794483,0
12790, 149259667, 149259667533947, -9.4535055, 0.20290859, 2.2200236,0
12813, 149259845, 149259845362593, -10.415975, 0.25617957, 1.4095862,0
12849, 149260025, 149260025707854, -10.243592, -4.559757, -0.16759412,0
12878, 149260203, 149260203904104, -10.981006, -0.21068975, 0.8726865,0
12902, 149260383, 149260383673947, -5.5120506, 1.3581109, 2.954445,0
12926, 149260563, 149260563193375, -16.155474, -1.0163386, 5.7885814,0
12940, 149260741, 149260741699937, -11.653178, -1.7836803, -0.830788,0
12957, 149260927, 149260927209364, -8.834005, -1.3491327, 1.5382746,0
12978, 149261101, 149261101950614, -10.399215, 1.4059949, 1.7860745,0
13002, 149261280, 149261280927853, -10.923545, -7.359776, -1.3395559,0
13024, 149261462, 149261462391395, -8.948329, -0.049081136, -0.89543146,0
13039, 149261639, 149261639887853, -6.633136, -0.5315128, 3.9175124,0
13055, 149261820, 149261820045457, -5.1601033, -1.4215573, 3.2369606,0
13082, 149262001, 149262001339415, -5.7149596, -3.1304188, 4.14975,0
13098, 149262179, 149262179832800, -10.993576, 0.374094, 0.50996494,0
13119, 149262358, 149262358989623, -15.677832, -4.44723, 0.9331401,0
13145, 149262538, 149262538441811, -6.70975, -2.8652608, 4.188656,0
13170, 149262717, 149262717606290, -7.07726, 1.1168951, 0.82001406,0
13183, 149262897, 149262897358113, -14.128783, 1.0899603, 6.7085533,0
13209, 149263077, 149263077133269, -10.882844, -3.0280666, 1.0019734,0
13234, 149263259, 149263259074311, -7.439982, -0.89423436, 1.3485341,0
13249, 149263435, 149263435745457, -9.244013, 2.8054059, 2.7443538,0
13273, 149263615, 149263615866602, -11.304223, -6.943185, 4.0863037,0
13294, 149263795, 149263795149936, -8.215105, 1.3796587, 1.1216835,0
13317, 149263974, 149263974803269, -17.789516, -7.6351094, 7.0156097,0
13334, 149264154, 149264154242228, -6.0465565, -0.03172317, 4.935647,0
13335, 149264180, 149264180224050, -6.535572, -0.45848963, 0.4914099,0
13339, 149264205, 149264205586811, -7.45734, -0.7721301, -3.1998506,0
13339, 149264212, 149264212998790, -10.093954, -2.070386, -4.1395745,0
13340, 149264233, 149264233321915, -12.530653, -3.406949, -1.7669208,0
13343, 149264255, 149264255129727, -11.792641, -3.8833952, 1.6005238,0
13344, 149264273, 149264273393946, -9.467871, -3.6224272, 3.330933,0
13345, 149264293, 149264293137228, -7.833828, -3.6415808, 5.9926867,0
13347, 149264313, 149264313077019, -6.517616, -3.0603883, 7.1604586,0
13348, 149264332, 149264332897176, -6.739079, -2.4067712, 5.3737855,0
13351, 149264353, 149264353334988, -7.277775, -1.7310078, 3.4434607,0
13353, 149264373, 149264373433842, -8.119935, -1.5849615, 1.7441759,0
13354, 149264393, 149264393555561, -8.492233, -1.1695676, 1.1300632,0
13357, 149264413, 149264414015821, -8.22109, -0.39384618, 0.52253455,0
13360, 149264433, 149264433624779, -8.814852, -0.031124622, 0.10354923,0
13366, 149264455, 149264455723789, -9.948506, -0.06943185, -0.09995792,0
13372, 149264473, 149264473172486, -10.899005, -0.12389994, -0.017956512,0
13374, 149264493, 149264493684152, -10.952874, -0.09935937, 1.0779893,0
13378, 149264513, 149264513903373, -9.384073, 0.06703765, 2.134431,0
13380, 149264533, 149264533776133, -8.486248, -0.036511578, 2.1338322,0
13385, 149264553, 149264553681341, -8.546103, 1.0474633, 1.8207904,0
13387, 149264573, 149264573989518, -8.733449, 3.333926, 2.722806,0
13388, 149264593, 149264593652175, -9.235633, 3.9426517, 3.5775359,0
13393, 149264613, 149264613717018, -13.204621, 2.3948002, 4.485537,0
13394, 149264633, 149264633328425, -16.053122, -0.8559271, 1.5664065,0
13399, 149264661, 149264661839779, -13.484742, -2.4528596, -3.128623,0
13400, 149264672, 149264672079935, -11.736976, -4.5663414, -5.8771667,0
13401, 149264692, 149264692867435, -12.859258, -7.7488337, -2.3660698,0
13404, 149264712, 149264712316133, -15.9100685, -10.406398, 1.9195513,0
13407, 149264731, 149264731778529, -17.244238, -8.939949, 4.6860514,0
13410, 149264752, 149264752670977, -14.135965, -5.321113, 14.007875,0
13411, 149264772, 149264772509206, -9.744401, -2.9921536, 17.614141,0
13413, 149264792, 149264792055977, -6.0926447, -1.9099745, 8.653243,0
13415, 149264812, 149264812562800, -2.9017725, -1.5915456, 5.3618145,0
13416, 149264832, 149264832219779, -1.3682863, -0.7954735, -0.33159694,0
13421, 149264853, 149264853366810, -4.260482, -1.1133038, -4.1599255,0
13423, 149264873, 149264873056133, -6.88752, -1.5855601, -3.494936,0
13435, 149264953, 149264953717227, -7.9691005, -0.04189853, 0.044891283,0
13436, 149264954, 149264954498373, -10.065823, 1.4377182, -1.9273324,0
13436, 149264955, 149264955181810, -11.898584, 2.7281928, -1.3838485,0
13437, 149264955, 149264955876914, -13.497313, 2.7670987, 3.0190883,0
13445, 149264972, 149264972573581, -8.019978, 1.0109516, 2.4899697,0
13447, 149264993, 149264993389727, -7.111976, 0.5177461, 1.4670471,0
13451, 149265013, 149265013251029, -6.1686606, 0.43993455, 3.5290532,0
13453, 149265032, 149265032615925, -5.856816, -0.46028528, 2.7880478,0
13457, 149265051, 149265052011446, -6.2351, -1.2108675, 2.308609,0
13459, 149265072, 149265072593477, -8.677784, -3.2190042, 3.506907,0
13461, 149265092, 149265092503737, -13.939641, -6.655881, 4.2263646,0
13466, 149265112, 149265112394518, -17.303493, -5.068525, 6.6864066,0
13467, 149265132, 149265132579623, -11.489774, -0.82779527, 6.751649,0
13471, 149265153, 149265153066237, -8.825626, 1.6214731, 11.868656,0
13474, 149265172, 149265172161810, -11.148601, 1.8728642, 3.4075475,0
13476, 149265191, 149265191798477, -19.6133, -4.0922894, -3.1794999,0
13488, 149265220, 149265220191862, -15.357607, -1.8435353, 3.259107,0
13489, 149265233, 149265233078373, -6.952163, -1.8088194, 1.893215,0
13495, 149265252, 149265252493373, -3.7229836, -1.1563994, 1.745373,0
13497, 149265271, 149265271701706, -4.9398365, -0.1604115, 0.38965634,0
13499, 149265291, 149265291626237, -7.311892, 0.2184709, -1.0684125,0
13504, 149265311, 149265313932175, -9.997588, -0.43993455, -1.3150153,0
13505, 149265331, 149265331662071, -13.4195, -2.5049336, -0.9163807,0
13510, 149265351, 149265351934414, -13.014282, -3.7283707, 0.59735334,0
13512, 149265371, 149265371346601, -9.961675, -4.3754034, 2.8724434,0
13514, 149265391, 149265391839623, -6.8528037, -4.5166616, 4.324527,0
13518, 149265411, 149265411716498, -5.0864816, -4.184466, 5.044583,0
13520, 149265431, 149265431237747, -4.4544125, -3.2680852, 4.8548427,0
13527, 149265454, 149265454999154, -5.8412538, -2.9963434, 4.100669,0
13534, 149265471, 149265471657123, -7.597999, -2.6240451, 2.9981391,0
13537, 149265491, 149265491933737, -8.537724, -1.8405426, 2.023699,0
13541, 149265511, 149265511126757, -7.872135, -0.96546185, 1.6208745,0
13542, 149265531, 149265531651341, -6.7468605, -0.12090719, 1.459266,0
13548, 149265550, 149265550861132, -7.469909, 0.44232875, 0.8265981,0
13550, 149265570, 149265570803372, -9.832987, 0.50278234, 0.51714754,0
13552, 149265590, 149265590833216, -12.435484, 0.4381389, 0.45968673,0
13557, 149265610, 149265610713945, -13.790003, 0.866701, -0.25797522,0
13558, 149265630, 149265630618424, -12.999318, 1.1965023, -0.38307226,0
13562, 149265650, 149265650638684, -10.948086, 0.4261679, 0.6099229,0
13565, 149265670, 149265670428164, -9.626487, 1.5143325, 1.027711,0
13567, 149265690, 149265690723528, -8.725668, 2.6402059, 2.0278888,0
13579, 149265713, 149265713646654, -8.626907, 2.9777884, 2.6731262,0
13580, 149265730, 149265730477434, -11.097125, 1.875857, 3.1190462,0
13585, 149265750, 149265750539153, -15.547347, -2.0033484, 4.0402155,0
13587, 149265772, 149265772494518, -14.441226, -4.470573, -1.0079589,0
13590, 149265790, 149265790937903, -11.656171, -4.232949, 0.44472298,0
13590, 149265809, 149265809777174, -10.7673235, -4.484938, -0.6452374,0
13591, 149265829, 149265829845351, -9.921572, -5.5641246, -0.6063316,0
13593, 149265849, 149265849587591, -11.589732, -7.049727, 2.5462334,0
13594, 149265869, 149265869625507, -13.15135, -6.471527, 5.035605,0
13598, 149265895, 149265895310247, -12.546814, -4.76087, 10.627861,0
13600, 149265910, 149265910234414, -11.96622, -3.6876693, 11.553819,0
13602, 149265929, 149265930018841, -9.206305, -2.9388826, 8.003218,0
13608, 149265952, 149265952661446, -5.4887075, -2.0009542, 4.2515035,0
13615, 149265969, 149265969828789, -2.7629087, -0.4381389, 0.8511387,0
13620, 149265996, 149265996657331, -3.2010477, 0.079008654, -1.5652094,0
13622, 149266010, 149266010357695, -5.773019, -0.3393781, -2.2301989,0
13623, 149266029, 149266029930820, -7.453748, 0.7505822, -0.40282443,0
13628, 149266050, 149266050277747, -10.585364, 1.6567876, -0.5470751,0
13630, 149266069, 149266069979570, -12.983756, 3.0358477, -1.3545196,0
13634, 149266092, 149266092250768, -14.828488, 3.354875, 2.0590134,0
13636, 149266109, 149266109914466, -9.540894, 1.1306617, 1.4915876,0
13637, 149266130, 149266130130299, -7.0826473, 0.39444473, 1.0941502,0
13642, 149266149, 149266149693684, -5.54138, 0.1933318, 2.56419,0
13644, 149266170, 149266170553424, -5.1648917, -0.58657944, 2.6844985,0
13649, 149266194, 149266194282956, -5.6886234, -1.6753427, 3.8019924,0
13658, 149266212, 149266212312591, -9.545682, -3.153762, 2.8167782,0
13659, 149266229, 149266229722539, -15.866375, -6.1501055, 4.8285065,0
13664, 149266249, 149266249582174, -17.885883, -4.8039656, 8.802282,0
13666, 149266269, 149266269569257, -11.07438, -1.3365631, 6.730101,0
13670, 149266290, 149266290174570, -9.369708, 0.5093664, 8.943541,0
13672, 149266309, 149266309162851, -10.600328, 2.280477, 3.2070332,0
13674, 149266329, 149266329438893, -17.727268, -3.6236243, -2.1883004,0
13678, 149266349, 149266349164414, -12.097901, -1.5705963, 4.2143936,0
13679, 149266369, 149266369304205, -6.4122705, -2.260725, 2.285864,0
13684, 149266390, 149266390813580, -5.424064, -2.2212207, 3.1142578,0
13686, 149266408, 149266408969726, -7.29214, -1.6196774, 1.5239093,0
13689, 149266428, 149266428810143, -8.686164, -1.1043255, -0.27952304,0
13693, 149266449, 149266449076549, -10.329783, -1.4736311, 0.049679685,0
13701, 149266469, 149266469718268, -11.383232, -2.0572178, -0.31244332,0
13706, 149266490, 149266490387747, -10.45069, -2.4253263, 0.53091425,0
13709, 149266508, 149266508922695, -8.497621, -2.473809, 1.8297687,0
13710, 149266528, 149266528732018, -7.32925, -2.7736826, 2.7491422,0
13714, 149266548, 149266548339205, -7.228095, -2.815581, 3.5087025,0
13717, 149266568, 149266568660924, -7.517793, -3.0137014, 3.776853,0
13721, 149266589, 149266589844570, -7.8835077, -3.2202013, 3.4099417,0
13723, 149266608, 149266608580664, -7.9726915, -2.9712043, 2.64679,0
13724, 149266628, 149266628769466, -8.081628, -2.5462334, 2.3642743,0
13729, 149266648, 149266648409726, -7.450157, -1.5298948, 1.6861166,0
13730, 149266668, 149266668962643, -6.9796963, -0.45968673, 1.3162124,0
13735, 149266689, 149266689049101, -7.269395, 0.48722005, 1.0301052,0
13741, 149266713, 149266713713425, -8.910022, 0.88645315, 0.99060094,0
13742, 149266726, 149266727014101, -10.431537, 1.1528081, 0.42317516,0
13745, 149266746, 149266747004414, -10.406996, 1.822586, 0.8499416,0
13747, 149266766, 149266766907070, -10.532692, 1.6980876, 1.1935096,0
13750, 149266786, 149266786807851, -12.664728, 0.9756372, 1.0336965,0
13752, 149266806, 149266806855716, -12.498331, 0.92775315, 1.4437037,0
13753, 149266826, 149266826419466, -10.914567, 1.8525136, 2.8455088,0
13754, 149266846, 149266846437174, -10.793061, 2.3050177, 3.0759506,0
13755, 149266866, 149266866561810, -14.103045, -0.6356605, 3.3063924,0
13758, 149266887, 149266887855247, -14.164696, -4.292804, 0.040102877,0
13759, 149266907, 149266907423893, -11.819575, -4.629189, -0.9367314,0
13760, 149266926, 149266926407487, -11.112687, -6.1141925, -2.1877017,0
13761, 149266946, 149266946185351, -10.697293, -6.7211227, -0.8888474,0
13764, 149266968, 149266968339414, -13.276447, -8.194754, 2.8790276,0
13765, 149266986, 149266986216653, -15.417461, -6.985682, 5.412093,0
13766, 149267006, 149267006280976, -15.027207, -3.530849, 11.20247,0
13766, 149267025, 149267025957278, -11.906365, -1.6352397, 10.993576,0
13768, 149267045, 149267045914362, -5.6904187, -0.7062895, 6.2728086,0
13768, 149267066, 149267066114569, -2.5635915, -0.5021838, 4.9338512,0
13769, 149267085, 149267085912694, -1.9536686, -0.08080431, -0.46686932,0
13770, 149267105, 149267105842693, -4.3754034, -0.92416185, -2.955642,0
13770, 149267126, 149267126376131, -6.1237693, -0.7673417, -2.232593,0
13772, 149267146, 149267146404986, -8.067862, 0.19572599, 0.5069722,0
13773, 149267165, 149267166022746, -9.412206, 1.6041151, -1.4903905,0
13778, 149267186, 149267186799882, -10.097546, 3.116652, -0.943914,0
13782, 149267206, 149267206912330, -10.870275, 2.7036524, 2.4426842,0
13789, 149267227, 149267227476705, -8.264784, 1.5292963, 3.8833952,0
13795, 149267247, 149267247363111, -7.715315, 0.58418524, 3.4877534,0
13796, 149267266, 149267266755246, -7.707534, -0.19871874, 3.8540661,0
13801, 149267286, 149267286701861, -7.777564, -0.90500826, 3.9522285,0
13803, 149267306, 149267306904205, -11.024101, -5.81372, 1.1486182,0
13805, 149267326, 149267326487486, -17.612946, -7.9391727, 4.8105497,0
13809, 149267346, 149267347043944, -14.122797, -3.0071173, 6.3703723,0
13811, 149267367, 149267367381288, -13.508086, -3.1262288, 11.502343,0
13816, 149267386, 149267386829934, -17.005417, -2.4301147, 4.7901993,0
13818, 149267406, 149267406699830, -15.342045, -2.0428526, -1.4772224,0
13821, 149267426, 149267426848580, -6.7504516, -1.0815806, 5.758055,0
13826, 149267446, 149267447262121, -2.7341783, -2.2056582, 4.8380833,0
13836, 149267472, 149267472402538, -2.4762032, -1.0995371, 0.5734113,0
13840, 149267487, 149267487334830, -6.2650275, 0.2705448, 0.55365914,0
13844, 149267507, 149267507042486, -11.00435, -0.32680854, -1.1881226,0
13845, 149267527, 149267527042850, -14.161703, -1.5586253, -3.6661212,0
13850, 149267546, 149267546449934, -14.60463, -2.7670987, -2.498948,0
13852, 149267566, 149267566342120, -10.374076, -3.0184898, 0.75956047,0
13856, 149267586, 149267586290037, -7.602189, -3.6367924, 3.1872811,0
13858, 149267607, 149267607218422, -6.1584854, -3.5051112, 3.870227,0
13860, 149267626, 149267626594308, -5.4713492, -2.8862102, 5.403115,0
13869, 149267699, 149267699634724, -6.1985884, -3.301604, 2.6725276,0
13870, 149267700, 149267700266599, -6.1985884, -3.301604, 2.6725276,0
13871, 149267700, 149267700814933, -6.1985884, -3.301604, 2.6725276,0
13877, 149267718, 149267718343370, -6.621763, -2.5486276, 1.8842367,0
13878, 149267725, 149267725296964, -7.1059904, -1.1192893, 1.6825253,0
13883, 149267747, 149267747567954, -8.185776, 0.43873745, 1.4981717,0
13885, 149267765, 149267765414360, -10.0987425, 1.0540473, 0.8487445,0
13886, 149267786, 149267786668631, -12.64737, 0.95229375, 0.62728083,0
13891, 149267806, 149267806755297, -12.527061, 1.1186907, 0.5231331,0
13892, 149267825, 149267826042277, -11.167754, 2.0679917, -0.15083471,0
13897, 149267849, 149267849282276, -11.13603, 2.966416, -0.17896658,0
13899, 149267865, 149267865602068, -11.576564, 4.0815153, 0.19812019,0
13900, 149267886, 149267886261183, -11.683704, 4.187459, 1.0534488,0
13904, 149267905, 149267905549308, -12.130821, 2.8167782, 2.343325,0
13907, 149267925, 149267925430454, -15.585654, -2.4528596, 1.9913772,0
13911, 149267950, 149267950991756, -14.03481, -4.4196963, -1.3102269,0
13920, 149267968, 149267968188787, -12.022484, -4.7919946, -2.2224178,0
13921, 149267985, 149267985284308, -10.481216, -6.1740475, -3.0202854,0
13927, 149268005, 149268005881079, -11.123461, -7.615357, -0.46806642,0
13929, 149268025, 149268025133579, -14.671668, -9.141661, 3.5853171,0
13934, 149268050, 149268050217537, -15.594034, -6.785766, 8.059482,0
13936, 149268064, 149268064932120, -14.283808, -4.1892543, 13.434464,0
13938, 149268085, 149268085868787, -9.021352, -2.791639, 11.2928505,0
13942, 149268108, 149268108536339, -3.958214, -1.9405005, 7.543531,0
13944, 149268125, 149268125344725, -1.1695676, -0.973243, 3.9025488,0
13948, 149268147, 149268147228579, -1.0103531, -0.21308395, -0.49559975,0
13950, 149268165, 149268165602068, -4.384382, -1.0839748, -3.4332852,0
13953, 149268184, 149268184952068, -6.4338183, -1.039682, -2.6180596,0
13959, 149268204, 149268204837485, -8.08881, 0.17776948, 1.323395,0
13967, 149268225, 149268225801600, -10.561422, 1.3521254, -0.8475474,0
13972, 149268247, 149268247520297, -12.319963, 3.1914709, -0.034117375,0
13975, 149268264, 149268264554568, -12.187684, 2.5198972, 5.878962,0
13976, 149268284, 149268284368266, -8.253412, 1.1073183, 4.109049,0
13981, 149268304, 149268304421756, -8.339603, 0.011971008, 2.2972364,0
13983, 149268325, 149268325090402, -7.597999, -0.6003461, 1.9500773,0
13988, 149268345, 149268345102068, -7.674015, -2.3409307, 1.2808979,0
13990, 149268365, 149268365730610, -13.190256, -7.756615, -0.56443304,0
13992, 149268384, 149268384719568, -15.950171, -5.8544216, 7.8170686,0
13996, 149268404, 149268404471287, -11.919533, -1.2228385, 9.7803135,0
13998, 149268424, 149268424481808, -7.5016327, 0.75836337, 12.9005575,0
14003, 149268444, 149268444125141, -12.500127, -1.4161704, 3.4021606,0
14012, 149268469, 149268469710610, -18.529924, -3.0472202, 1.7274165,0
14014, 149268483, 149268484001131, -16.092627, -3.1872811, 3.1262288,0
14019, 149268504, 149268504375610, -8.2115135, -2.6001031, 3.6613328,0
14021, 149268524, 149268524142173, -3.0125043, -1.1073183, 1.2228385,0
14025, 149268543, 149268543481704, -3.549404, 0.50278234, 1.2276269,0
14028, 149268564, 149268564131235, -5.480926, 1.2946646, -1.9416976,0
14029, 149268583, 149268583623318, -8.851364, 0.19632454, -2.4067712,0
14034, 149268603, 149268604039464, -13.314156, -2.381632, -2.5582044,0
14036, 149268623, 149268623807017, -14.566323, -4.1784806, -1.1839328,0
14041, 149268644, 149268644636444, -11.728596, -4.5860934, 1.7363948,0
14043, 149268663, 149268663847381, -7.9511437, -4.172495, 3.4440591,0
14045, 149268684, 149268684459464, -4.948815, -3.6846764, 5.3019595,0
14052, 149268703, 149268703940089, -3.5302503, -2.8520927, 6.6492968,0
14058, 149268723, 149268724007537, -5.233725, -2.3116016, 5.1984105,0
14064, 149268743, 149268743873944, -7.2987237, -2.1296425, 3.8007953,0
14066, 149268763, 149268763681548, -7.89907, -1.9494787, 2.8933928,0
14068, 149268783, 149268783874463, -7.309498, -1.2054806, 1.3060371,0
14072, 149268804, 149268804172849, -7.201759, -0.56323594, 0.5823896,0
14073, 149268823, 149268823459516, -8.564658, -0.09935937, 0.40402153,0
14078, 149268843, 149268843639516, -10.943297, 0.021547815, 0.13587095,0
14080, 149268863, 149268863589724, -11.440094, 1.079785, 0.39085343,0
14082, 149268883, 149268883761651, -10.831368, 2.4971523, 0.8810662,0
14086, 149268903, 149268903563370, -11.110293, 3.900753, 0.65062433,0
14089, 149268923, 149268923298786, -13.075334, 4.759673, 0.9271546,0
14093, 149268943, 149268943843422, -12.44925, 4.0779243, 0.59017074,0
14103, 149268963, 149268963271338, -11.485584, 2.2523453, 0.51834464,0
14105, 149268983, 149268983259359, -14.46876, -3.508104, 0.85173726,0
14110, 149269003, 149269003434724, -12.983756, -5.0439844, -0.56203884,0
14111, 149269022, 149269022946599, -12.83352, -6.7666125, -1.4610616,0
14116, 149269043, 149269043926599, -12.559383, -7.807492, -3.1950622,0
14118, 149269063, 149269063126495, -15.086464, -8.872911, 0.9271546,0
14120, 149269082, 149269082902849, -18.423382, -8.88608, 6.215946,0
14124, 149269103, 149269103173995, -16.064495, -5.355231, 12.981361,0
14126, 149269122, 149269122828474, -11.115082, -3.028665, 15.812505,0
14130, 149269142, 149269142392536, -6.3871317, -3.0484173, 9.275137,0
14132, 149269162, 149269162997693, -3.4374752, -2.719813, 5.565322,0
14135, 149269182, 149269182674880, -0.9403227, -1.4652514, 1.6938977,0
14141, 149269202, 149269202869151, -3.1830912, -1.3060371, -2.4319103,0
14148, 149269222, 149269222482745, -6.497265, -1.721431, -3.3255463,0
14154, 149269242, 149269242983370, -7.2304893, -0.41718966, -1.3670892,0
14157, 149269262, 149269262384932, -8.908825, 1.1031284, -1.2066777,0
14158, 149269282, 149269282439828, -10.094553, 3.0783448, -3.5152867,0
14163, 149269302, 149269302500713, -11.562798, 3.7295678, -1.3311762,0
14164, 149269322, 149269322195401, -11.7064495, 2.5037365, 2.4534583,0
14169, 149269344, 149269344707068, -8.321048, 1.5239093, 3.86484,0
14171, 149269362, 149269362207953, -5.397728, -0.61291564, 2.6635494,0
14172, 149269381, 149269382034568, -7.8972745, -1.4760253, 3.8235402,0
14177, 149269402, 149269402397849, -8.7532015, -2.046444, 1.9231426,0
14179, 149269421, 149269421663214, -14.03481, -7.203554, 0.587178,0
14184, 149269443, 149269443246286, -18.445528, -6.1501055, 7.9445596,0
14193, 149269461, 149269462039568, -14.216769, -1.6244658, 4.7979803,0
14195, 149269481, 149269481703891, -8.245032, -1.0079589, 11.439496,0
14201, 149269501, 149269501793526, -10.193314, 1.1791444, 13.080721,0
14203, 149269521, 149269521689776, -17.810467, -4.5501804, 0.46627077,0
14207, 149269542, 149269542782432, -14.642938, -2.6001031, 2.517503,0
14209, 149269561, 149269561635766, -8.572439, -2.9484594, 4.6441526,0
14211, 149269581, 149269581644724, -4.4741645, -2.5091233, 2.533664,0
14217, 149269601, 149269601641547, -4.520851, -1.1605892, 1.3503298,0
14218, 149269621, 149269621261598, -6.5367694, 0.12090719, -0.7930793,0
14223, 149269642, 149269642329828, -8.890868, 0.03172317, -1.5951369,0
14225, 149269661, 149269661294151, -11.427525, -0.7428011, -1.7818847,0
14228, 149269681, 149269681224776, -12.831125, -1.8531121, -0.98820674,0
14233, 149269701, 149269701837120, -11.626842, -2.878429, 0.9888053,0
14243, 149269722, 149269722249776, -8.907029, -3.229778, 2.2906525,0
14248, 149269742, 149269742585193, -6.4900823, -3.341707, 3.4626143,0
14251, 149269762, 149269762270505, -5.457583, -3.390788, 4.295198,0
14253, 149269781, 149269781185869, -5.2115784, -3.0651767, 3.6864722,0
14258, 149269801, 149269801663630, -5.9106855, -2.7748797, 3.7247794,0
14259, 149269821, 149269821045192, -7.1724296, -2.2942438, 2.858677,0
14264, 149269840, 149269840989984, -7.85777, -1.1563994, 2.552219,0
14267, 149269860, 149269860461390, -7.997831, 0.04309563, 2.0470424,0
14269, 149269880, 149269880749828, -8.622119, 0.6206968, 1.22224,0
14272, 149269900, 149269900654255, -10.329185, 0.5303157, 0.83378077,0
14274, 149269920, 149269920612744, -12.293627, 0.33877954, 1.3126211,0
14278, 149269940, 149269940884098, -12.30081, 0.79008657, 0.4794389,0
14283, 149269960, 149269960611390, -10.388441, 1.6011224, -0.22565351,0
14294, 149269990, 149269990324151, -9.713875, 2.1218612, -0.29867667,0
14296, 149270000, 149270000264984, -10.07121, 3.2333694, 0.18555063,0
14297, 149270019, 149270019901390, -10.484209, 3.4105403, 1.5328877,0
14301, 149270040, 149270040790036, -11.781867, 2.3953989, 3.1453824,0
14302, 149270060, 149270060163005, -16.077065, -2.3343468, 3.3889925,0
14307, 149270087, 149270087821599, -14.981118, -5.0900726, -1.7369933,0
14309, 149270100, 149270100241286, -13.123219, -4.76087, -1.5676036,0
14310, 149270120, 149270120145088, -12.352285, -6.127361, -2.4809916,0
14315, 149270140, 149270140656390, -12.904149, -7.4986396, -0.09816227,0
14317, 149270160, 149270160061286, -15.026608, -8.771756, 4.1665096,0
14323, 149270187, 149270187779099, -14.222157, -7.1514807, 7.2304893,0
14325, 149270200, 149270200325140, -11.650186, -5.1846437, 12.4869585,0
14334, 149270221, 149270221845453, -8.3551655, -3.7433343, 10.572795,0
14338, 149270240, 149270240186755, -4.697424, -2.5761611, 6.989872,0
14340, 149270260, 149270260120505, -2.5067291, -1.4425066, 3.517681,0
14344, 149270281, 149270281856963, -1.4939818, -0.37110126, -0.023942016,0
14346, 149270299, 149270299184151, -4.204817, -0.89423436, -2.3983915,0
14347, 149270320, 149270320864046, -6.6983776, -1.1486182, -2.271499,0
14350, 149270339, 149270339308942, -7.715315, 0.10115502, -0.25318682,0
14352, 149270359, 149270359475505, -10.107721, 0.97503865, 0.4369418,0
14356, 149270380, 149270381011025, -11.993155, 2.1972785, -1.7411832,0
14358, 149270399, 149270399756650, -13.78342, 2.6402059, 0.6374562,0
14359, 149270420, 149270420205348, -9.384672, 0.40102878, 4.662708,0
14364, 149270439, 149270440028525, -6.809708, -1.2264298, 4.2413282,0
14369, 149270459, 149270459755192, -6.575675, -1.8261774, 3.4632127,0
14379, 149270482, 149270482358526, -6.7983356, -1.2587515, 4.4155064,0
14383, 149270499, 149270499497796, -8.759187, -2.4546554, 2.4642322,0
14384, 149270519, 149270519284411, -13.475165, -5.2768207, 2.154183,0
14388, 149270539, 149270539847432, -14.8237, -4.923077, 6.5122285,0
14390, 149270559, 149270559268786, -12.101493, -2.6426, 8.494628,0
14395, 149270582, 149270582345036, -13.515867, -3.1507695, 12.20983,0
14397, 149270598, 149270598981807, -18.561049, -2.6234465, 2.2026656,0
14398, 149270619, 149270619047223, -13.753491, -1.5071499, -1.6537948,0
14403, 149270639, 149270639260557, -6.2530565, -1.1504139, 4.50888,0
14404, 149270659, 149270659636703, -2.9293058, -1.6567876, 4.076727,0
14409, 149270682, 149270682585713, -3.833117, 0.049081136, 1.6071079,0
14411, 149270699, 149270699305921, -8.017583, 0.21906945, 0.30286652,0
14420, 149270719, 149270719175817, -10.650007, -0.7080852, -3.4237084,0
14425, 149270738, 149270738686390, -12.880207, -1.988983, -2.6497827,0
14427, 149270758, 149270758706494, -12.97777, -3.394978, -0.40342298,0
14431, 149270780, 149270780391025, -10.415376, -3.9438488, 2.4851813,0
14432, 149270798, 149270798909255, -7.881712, -3.5212722, 3.7840357,0
14433, 149270819, 149270819283369, -6.83784, -3.3081882, 4.272453,0
14437, 149270838, 149270838994567, -5.5778913, -2.5887306, 5.301361,0
14439, 149270858, 149270858607796, -5.6509147, -2.943671, 4.5699325,0
14443, 149270880, 149270880518213, -6.3350577, -3.3883939, 2.858677,0
14445, 149270898, 149270898378838, -6.881534, -3.176507, 1.8195933,0
14447, 149270918, 149270918624411, -7.2951326, -1.9327193, 1.4095862,0
14451, 149270938, 149270938158994, -7.6171527, -0.44771573, 1.0965444,0
14456, 149270958, 149270958181390, -8.613141, 0.5410896, 0.7380127,0
14466, 149270980, 149270980700452, -10.316615, 0.61650693, 0.4177882,0
14469, 149270997, 149270997995557, -11.787253, 0.581791, 0.98461545,0
14470, 149271017, 149271017790192, -11.319786, 0.9032126, 1.0648212,0
14474, 149271038, 149271038253369, -9.712079, 1.6172832, 0.47764325,0
14476, 149271058, 149271058064463, -9.997588, 2.2631192, 0.52971715,0
14481, 149271080, 149271080282848, -10.839149, 3.3602622, 1.1318588,0
14483, 149271097, 149271097970609, -10.788872, 3.7343562, 1.7417817,0
14485, 149271117, 149271117954307, -11.679515, 2.3403323, 2.7635074,0
14489, 149271137, 149271137781130, -1.0103531, -0.21308395, -0.49559975,0
14506, 149271235, 149271235487224, -14.72853, -8.550293, 0.5883751,0
14506, 149271236, 149271236044984, -14.72853, -8.550293, 0.5883751,0
14507, 149271236, 149271236490088, -14.72853, -8.550293, 0.5883751,0
14507, 149271236, 149271236926859, -14.72853, -8.550293, 0.5883751,0
14508, 149271237, 149271237403578, -17.041328, -9.38168, 4.575918,0
14509, 149271257, 149271257174723, -14.407108, -6.6786256, 9.724648,0
14515, 149271277, 149271277200296, -10.742783, -4.385579, 14.768633,0
14516, 149271297, 149271297776755, -7.7727757, -3.413533, 10.170568,0
14517, 149271317, 149271317298057, -4.220379, -2.622848, 6.3224883,0
14522, 149271341, 149271342167276, -1.9147629, -1.769315, 2.7898436,0
14524, 149271357, 149271357229619, -2.054225, -1.0313023, -0.97982705,0
14528, 149271377, 149271378037588, -4.851251, -1.5143325, -3.4452562,0
14530, 149271397, 149271397258838, -6.357204, -0.7637503, -1.9656396,0
14532, 149271416, 149271416904203, -7.85358, 0.7182605, 0.5542577,0
14537, 149271437, 149271437431598, -10.063428, 2.022502, -1.1611878,0
14547, 149271462, 149271462142276, -11.733384, 2.9945478, -1.0085574,0
14551, 149271477, 149271477297588, -12.674904, 2.882619, 1.1815386,0
14554, 149271496, 149271496925192, -9.275736, 1.9806033, 3.2980127,0
14556, 149271516, 149271516592067, -5.205593, 0.66139823, 3.4506433,0
14560, 149271536, 149271537000661, -5.9130797, -0.81163436, 2.971803,0
14561, 149271556, 149271556697276, -7.993641, -1.192911, 3.6242228,0
14566, 149271577, 149271577153109, -11.057621, -3.4799721, 1.2611457,0
14568, 149271596, 149271596640401, -17.071257, -7.6321163, 4.69084,0
14570, 149271616, 149271616717953, -16.988657, -5.0308166, 6.2404866,0
14575, 149271637, 149271637616390, -10.936713, -1.234211, 6.785766,0
14576, 149271656, 149271656551754, -7.711125, -0.42556936, 11.6112795,0
14581, 149271677, 149271677350348, -14.995483, -3.1052797, 3.5769374,0
14583, 149271696, 149271696641650, -18.704102, -4.5322237, 2.4558525,0
14585, 149271715, 149271715991077, -11.653777, -3.8492777, 2.7790697,0
14592, 149271736, 149271736321598, -5.503671, -2.992752, 5.651513,0
14593, 149271755, 149271755239306, -2.8095956, -1.7238252, 2.6318262,0
14595, 149271775, 149271775153577, -3.1561563, 0.09756372, -0.38845924,0
14596, 149271795, 149271795252483, -5.8987145, 1.1049241, -0.80325466,0
14597, 149271814, 149271814931754, -9.163208, 0.83617496, -1.4030021,0
14598, 149271834, 149271834805712, -14.073117, -0.93134445, -2.2050598,0
14599, 149271854, 149271854729358, -16.427814, -3.2255883, -2.1577742,0
14601, 149271874, 149271874775140, -12.548011, -4.309563, 0.6937199,0
14602, 149271894, 149271894743942, -8.564658, -4.5034933, 2.6581624,0
14603, 149271914, 149271914570973, -5.919664, -4.2676644, 3.7618895,0
14605, 149271934, 149271934864254, -4.1096473, -3.6062663, 4.435259,0
14608, 149271954, 149271954623108, -4.707599, -3.3560722, 5.353435,0
14610, 149271974, 149271974386285, -6.4631476, -3.0627825, 4.605247,0
14611, 149271994, 149271994326181, -7.460931, -2.3523033, 3.0424318,0
14611, 149272014, 149272014192275, -7.4322004, -1.448492, 2.480393,0
14613, 149272034, 149272034542692, -6.981492, -0.55844754, 1.7914615,0
14614, 149272054, 149272054160556, -7.9822683, -0.11671733, 0.7966706,0
14615, 149272074, 149272074387275, -10.357915, -0.14425065, 0.6721721,0
14616, 149272094, 149272094101285, -12.008119, 0.076015905, 1.2018893,0
14617, 149272114, 149272114635608, -11.623251, 0.7356185, 0.64823014,0
14620, 149272134, 149272134291442, -10.8152075, 1.8285716, -0.789488,0
14620, 149272153, 149272153963577, -11.686697, 2.7605145, 0.04189853,0
14622, 149272174, 149272174263994, -11.634025, 3.0603883, -0.108936176,0
14623, 149272195, 149272195469202, -10.070611, 2.7162218, 1.4227544,0
14624, 149272214, 149272214590973, -11.679515, 1.0061632, 3.244742,0
14628, 149272234, 149272234319046, -14.592061, -3.9246953, 2.2373815,0
14630, 149272255, 149272255186077, -13.891757, -4.216788, -0.78290397,0
14634, 149272276, 149272276460712, -12.771271, -4.7937903, -2.1242554,0
14637, 149272294, 149272294943212, -12.466608, -6.6486983, -1.9560628,0
14638, 149272314, 149272314759671, -14.125192, -8.541314, 1.763928,0
14643, 149272335, 149272335977431, -16.005836, -8.374918, 4.844667,0
14644, 149272354, 149272354998473, -13.54759, -5.829881, 10.4644575,0
14649, 149272375, 149272375633837, -9.813234, -3.8133647, 14.813524,0
14651, 149272394, 149272394950087, -6.877943, -2.8933928, 9.753978,0
14653, 149272414, 149272414891337, -4.911106, -2.28347, 5.6323595,0
14658, 149272434, 149272434746910, -2.6042929, -1.0977415, 0.7906851,0
14662, 149272454, 149272454724567, -4.0252514, -1.1947067, -2.991555,0
14670, 149272474, 149272474875973, -6.335656, -1.4682442, -3.8355112,0
14672, 149272494, 149272494668160, -7.203554, -0.1604115, -0.50158525,0
14674, 149272514, 149272514983629, -10.439318, 1.2557588, -0.20709845,0
14679, 149272535, 149272535391650, -12.130223, 2.8203697, -2.0590134,0
14680, 149272554, 149272554403629, -12.967595, 3.221997, -0.17836803,0
14685, 149272575, 149272575174358, -11.21444, 1.6885108, 1.7717092,0
14687, 149272594, 149272594420504, -6.9569516, 0.4985925, 3.3171666,0
14691, 149272619, 149272619256025, -3.6002808, -0.9983821, 4.472967,0
14694, 149272634, 149272634337848, -5.7269306, -1.7274165, 4.7524905,0
14695, 149272653, 149272653812848, -6.508039, -1.8626889, 3.7044287,0
14697, 149272672, 149272672861910, -10.058042, -3.7062242, 1.417966,0
14698, 149272693, 149272693185608, -16.517597, -7.386112, 4.155137,0
14699, 149272712, 149272712553369, -17.146673, -4.0013094, 5.7185507,0
14701, 149272733, 149272733530296, -11.7303915, -1.4083891, 8.228272,0
14703, 149272753, 149272753701442, -12.599486, -0.23822308, 11.507132,0
14707, 149272775, 149272775387692, -18.980034, -3.9187095, 2.4007857,0
14709, 149272793, 149272793891442, -14.900913, -3.003526, 3.2615013,0
14713, 149272816, 149272816598421, -7.961918, -3.3746274, 2.9843724,0
14715, 149272834, 149272834664306, -3.5643678, -2.1775265, 3.9492357,0
14716, 149272853, 149272853540140, -3.252523, -0.7781156, 1.1911154,0
14721, 149272873, 149272873853108, -5.473145, 0.66738373, -0.14305355,0
14723, 149272894, 149272894223577, -8.182184, 0.545878, -1.6112977,0
14727, 149272915, 149272916017535, -10.878056, -0.3645172, -1.6226702,0
14730, 149272933, 149272933642692, -13.348273, -2.2547395, -1.7393875,0
14734, 149272953, 149272953792535, -11.911752, -3.8732197, 0.092176765,0
14742, 149272973, 149272973879827, -9.332, -4.5124717, 2.505532,0
14744, 149272994, 149272994068681, -6.581062, -4.047398, 4.009091,0
14748, 149273015, 149273015472119, -4.4999022, -3.715801, 6.030994,0
14750, 149273033, 149273033716129, -4.4280763, -3.29502, 6.0681043,0
14751, 149273053, 149273053411077, -6.3601966, -2.9765913, 4.4765587,0
14756, 149273073, 149273073610348, -8.243237, -2.5390508, 2.9520507,0
14758, 149273094, 149273094419514, -8.588001, -1.6124948, 1.9871874,0
14762, 149273115, 149273115410556, -7.711724, -0.7224504, 1.2060791,0
14765, 149273133, 149273133157119, -6.9886746, 0.28550854, 0.46507367,0
14766, 149273153, 149273154004671, -8.327033, 0.47225627, 0.15741876,0
14771, 149273174, 149273174543421, -11.40897, 0.16519992, -0.2100912,0
14773, 149273194, 149273194102067, -12.5504055, 0.81343, -0.25318682,0
14783, 149273219, 149273219489358, -11.376648, 1.9536686, 0.84096336,0
14784, 149273233, 149273233665712, -10.609306, 2.348712, 0.19093758,0
14787, 149273252, 149273253029619, -10.282497, 3.0172927, 0.45669398,0
14791, 149273273, 149273273704254, -10.13705, 2.7150247, 0.89184016,0
14793, 149273293, 149273293126650, -10.035296, 1.7076644, 1.4107834,0
14799, 149273314, 149273314789150, -13.615825, -1.8926164, 3.1573534,0
14801, 149273332, 149273332573577, -15.742475, -5.5707088, 0.88765025,0
14802, 149273352, 149273352741546, -15.297751, -5.613206, -0.75237787,0
14807, 149273372, 149273372687275, -14.100053, -6.8563952, -2.8646624,0
14810, 149273393, 149273393380608, -13.498509, -7.5920134, -1.8201919,0
14814, 149273414, 149273414726285, -16.300323, -9.3738985, 4.5034933,0
14818, 149273432, 149273432668681, -15.022419, -7.8469963, 8.025364,0
14821, 149273454, 149273454233577, -11.015722, -5.0960584, 13.721768,0
14829, 149273473, 149273473343733, -9.568427, -5.1247888, 14.969747,0
14831, 149273492, 149273492920556, -6.5122285, -4.4155064, 6.6744356,0
14836, 149273512, 149273512639879, -2.2852654, -3.283049, 2.3415294,0
14838, 149273532, 149273532414046, -0.2645593, -1.9973627, -0.57161564,0
14840, 149273552, 149273552872171, -3.3357215, -1.8806454, -3.3441012,0
14844, 149273572, 149273572187119, -5.8909335, -0.9864111, -2.2008698,0
14846, 149273592, 149273592198525, -8.674791, -0.11312603, 1.9297266,0
14851, 149273612, 149273612143629, -11.295844, 0.9504981, 1.0109516,0
14853, 149273632, 149273632276390, -12.425308, 2.7341783, -0.8391677,0
14854, 149273651, 149273651961337, -12.2559185, 3.815759, -0.47285482,0
14861, 149273672, 149273672639046, -10.816404, 3.5565867, 0.05686229,0
14863, 149273692, 149273692291702, -8.194754, 2.6156654, 0.717662,0
14873, 149273719, 149273719991650, -7.2807674, 0.61291564, 1.9009962,0
14875, 149273731, 149273731809098, -7.3322425, -1.2689269, 2.6713305,0
14877, 149273752, 149273752052327, -2.6001031, -7.1969705, 13.245921,0
14881, 149273772, 149273772454671, -17.159243, -6.215348, 6.6205664,0
14883, 149273791, 149273791875296, -19.6133, -4.5741224, 2.3343468,0
14888, 149273812, 149273812156546, -13.621212, -0.29269117, 3.4524388,0
14890, 149273831, 149273831650817, -7.5267715, 1.3640964, 11.940482,0
14892, 149273850, 149273851554775, -12.786833, -2.0626047, 8.87351,0
14896, 149273871, 149273871345972, -19.6133, -8.738237, 5.1367598,0
14898, 149273891, 149273891530660, -18.150444, -5.73112, -2.0901382,0
14903, 149273910, 149273910974254, -7.611766, -3.0478187, 3.0615854,0
14905, 149273931, 149273931100191, -0.30705637, -2.0733786, 2.7401638,0
14910, 149273953, 149273953389306, 0.92296475, -1.0839748, -0.81642276,0
14918, 149273971, 149273971544723, -2.6749218, 0.34715924, -0.7703344,0
14920, 149273991, 149273991269358, -8.610147, -0.11252748, -0.08619126,0
14925, 149274011, 149274011060452, -13.791799, -1.6460136, -0.14784196,0
14928, 149274030, 149274030970035, -16.92521, -3.3626564, 0.50158525,0
14930, 149274050, 149274050898160, -15.066711, -4.551976, 2.765303,0
14935, 149274070, 149274070911493, -8.22528, -4.072537, 3.2148144,0
14937, 149274090, 149274091008681, -3.7618895, -4.203021, 6.0250087,0
14941, 149274111, 149274111902900, -3.1399956, -3.0478187, 4.6040497,0
14943, 149274131, 149274132263785, -4.8482585, -2.3343468, 2.5139117,0
14945, 149274153, 149274153597952, -6.5720835, -1.9363106, 1.685518,0
14950, 149274170, 149274170780399, -7.6105685, -1.2330139, 1.0342951,0
14952, 149274189, 149274189869410, -7.78355, -0.5734113, 1.2898762,0
14957, 149274214, 149274214065973, -7.3340383, 0.2088941, 1.1073183,0
14963, 149274229, 149274229801441, -8.059482, 0.62488663, 0.49559975,0
14964, 149274249, 149274249280868, -10.151415, 0.57161564, 0.3465607,0
14964, 149274268, 149274268840452, -12.619239, -0.093972415, 0.7469909,0
14966, 149274288, 149274288928941, -13.300987, -0.08200141, -0.3657143,0
14967, 149274309, 149274309589931, -12.133814, 0.82719666, 1.1115081,0
14970, 149274329, 149274329169358, -10.44231, 2.1039047, 2.3894134,0
14970, 149274349, 149274349358785, -9.463082, 3.317765, 3.0268695,0
14972, 149274372, 149274372121806, -9.501988, 3.7110126, 3.1184478,0
14976, 149274389, 149274389743160, -13.921684, 0.6218939, 3.7014358,0
14977, 149274409, 149274409483108, -15.171457, -4.258686, -0.08379706,0
14980, 149274429, 149274429101650, -13.016078, -3.7834373, -2.9191303,0
14980, 149274449, 149274449450400, -12.215217, -5.0284224, -2.618658,0
14987, 149274469, 149274469108368, -13.424289, -7.8452005, -1.5173253,0
14989, 149274489, 149274489185139, -15.864579, -10.086173, 1.2318168,0
14991, 149274509, 149274509774045, -16.858173, -8.756793, 5.267244,0
14996, 149274530, 149274530376077, -14.036008, -5.4899044, 10.157999,0
14998, 149274549, 149274549791754, -10.405201, -3.7032316, 14.483724,0
15003, 149274577, 149274578009045, -4.8883615, -2.7246015, 9.643246,0
15005, 149274589, 149274589253420, -17.071257, -7.6321163, 4.69084,0
15017, 149274767, 149274767497691, -12.905944, 3.3770216, 1.0498575,0
15025, 149274947, 149274947241129, -5.749077, -0.8463503, 10.997766,0
15043, 149275127, 149275127862275, -15.0715, -2.8712463, -0.40940848,0
15064, 149275306, 149275306604202, -7.1939774, -0.7529764, 2.0219033,0
15077, 149275485, 149275485524566, -11.552023, 2.8473043, 2.191293,0
15084, 149275665, 149275665317796, -4.297592, -3.2974143, 9.412206,0
15095, 149275845, 149275845084514, -12.794614, 2.8431146, 0.8870517,0
15106, 149276024, 149276024621754, -9.557653, 0.39384618, 14.203003,0
15122, 149276205, 149276205507014, -17.448942, -3.6822822, -3.1651347,0
15145, 149276384, 149276384951858, -6.9647326, -1.2791022, 1.6759412,0
15171, 149276564, 149276564706598, -11.331757, 4.047398, 2.5103204,0
15194, 149276744, 149276744079046, -11.461642, -4.3915644, 15.425841,0
15211, 149276923, 149276923921754, -13.122021, 2.3092074, -1.821389,0
15232, 149277106, 149277106834514, -10.973824, -0.7613561, 5.919065,0
15244, 149277281, 149277281847586, -10.933122, 0.13826515, -1.240795,0
15266, 149277462, 149277462464722, -7.2729864, -2.2870612, 3.389591,0
15281, 149277642, 149277642259722, -12.649765, 4.7656584, 0.14305355,0
15309, 149277822, 149277822098731, -15.674838, -8.169615, 8.911818,0
15334, 149278000, 149278000256491, -11.282077, 0.44891283, 0.65541273,0
15349, 149278180, 149278180622585, -17.287333, -5.3504424, 5.4743423,0
15374, 149278359, 149278359302846, -7.52737, 0.52492875, -1.3497312,0
15386, 149278538, 149278538874200, -7.2047515, -2.545635, 3.044826,0
15395, 149278717, 149278717794877, -11.418547, 3.5811272, 0.130484,0
15402, 149278897, 149278897318939, -14.853627, -8.271967, 7.630321,0
15410, 149279077, 149279077235762, -9.970653, 1.0726024, -1.3251907,0
15422, 149279256, 149279256493054, -18.4988, -5.397129, 4.0940847,0
15427, 149279436, 149279436158366, -7.551312, 0.7469909, -2.087744,0
15440, 149279616, 149279616326544, -6.417658, -3.1741128, 3.821146,0
15452, 149279795, 149279795435346, -13.909115, 5.085883, 1.7298107,0
15464, 149279975, 149279975535866, -17.68956, -7.5866265, 8.665813,0
15481, 149280155, 149280155569929, -11.490373, 1.270124, -0.3705027,0
15507, 149280336, 149280336824981, -17.61474, -4.4723687, 7.301118,0
15533, 149280515, 149280515278419, -11.073183, -0.044891283, -0.048482586,0
15553, 149280694, 149280694419877, -7.2741833, -1.4568717, 3.5811272,0
15577, 149280874, 149280874067064, -9.797672, 4.731541, 0.7380127,0
15606, 149281053, 149281053950762, -10.737994, -6.125565, 13.213599,0
15632, 149281233, 149281233247794, -12.893973, 2.5767596, -2.2996306,0
15649, 149281412, 149281412948523, -11.481394, -0.2896984, 7.965509,0
15677, 149281593, 149281593250085, -17.472883, -2.7407625, -1.8411411,0
15702, 149281773, 149281773887585, -8.289924, -1.1456255, 1.929128,0
15723, 149281953, 149281953388314, -10.510546, 4.0318356, 2.4193408,0
15746, 149282131, 149282131337585, -7.7009497, -2.598906, 13.401544,0
15772, 149282310, 149282310665710, -13.955203, 3.107674, -0.24301147,0
15799, 149282490, 149282490258053, -6.663662, 1.067814, 12.784438,0
15817, 149282672, 149282672202012, -14.157514, -1.8656816, -0.7589619,0
15841, 149282849, 149282849868156, -7.5614877, -1.2761095, 1.4395138,0
15865, 149283029, 149283029836230, -10.011354, 3.5164838, 1.5544355,0
15880, 149283207, 149283207581699, -10.427347, -5.7670336, 15.433622,0
15895, 149283387, 149283387733365, -13.959393, 3.3871968, -2.055422,0
15907, 149283567, 149283567350032, -13.0442095, -1.4323312, 8.521563,0
15918, 149283747, 149283747123105, -9.780912, 0.3776853, -1.0019734,0
15937, 149283926, 149283926959928, -6.7923503, -1.8734628, 2.930503,0
15960, 149284106, 149284106733313, -9.865308, 3.1759086, 1.7585411,0
15985, 149284286, 149284286122376, -15.355811, -6.4547677, 10.930728,0
16010, 149284469, 149284469254719, -11.641207, 1.894412, -1.0570401,0
16025, 149284645, 149284645185865, -14.566323, -2.6479871, 9.831191,0
16048, 149284823, 149284823403834, -4.675876, 0.24361002, 0.39683893,0
16062, 149285008, 149285008429719, -6.4152637, -1.5167267, 3.1172507,0
16072, 149285183, 149285183158418, -10.911574, 3.328539, 1.3958195,0
16093, 149285363, 149285363236907, -14.434044, -4.9494133, 13.479356,0
16116, 149285544, 149285544187896, -11.210251, 2.867655, -2.4875755,0
16139, 149285722, 149285722855500, -14.431649, -1.9818004, 6.0561333,0
16156, 149285905, 149285905655656, -6.8007298, 0.14844051, -1.2491747,0
16178, 149286081, 149286081328260, -7.3364325, -2.3014264, 2.7754784,0
16205, 149286261, 149286261555031, -11.0935335, 2.9532478, 1.1677719,0
16222, 149286440, 149286440871541, -17.465702, -8.808268, 3.8247373,0
16249, 149286620, 149286620404979, -8.26658, 1.5029601, 0.6326678,0
16277, 149286799, 149286800012479, -17.422007, -6.099229, 7.187992,0
16301, 149286979, 149286979552114, -6.0704985, -0.29927522, 1.46585,0
16321, 149287158, 149287158908103, -5.3139305, -3.0220811, 6.903681,0
16345, 149287338, 149287338966904, -10.839149, 2.498948, -0.4333505,0
16373, 149287518, 149287518344457, -12.587516, -8.683171, 1.6597804,0
16389, 149287697, 149287697567165, -7.098808, -0.0047884034, -1.1162965,0
16413, 149287877, 149287877657686, -8.710106, -3.7792473, 0.96546185,0
16436, 149288056, 149288056284197, -0.789488, -1.1599907, 1.6927006,0
16459, 149288236, 149288236506801, -2.4145525, -2.9059622, 6.0172276,0
16474, 149288415, 149288416032843, -11.302427, 2.2619221, -0.83018947,0
16493, 149288597, 149288597291332, -13.074736, -8.834005, 1.9063832,0
16518, 149288775, 149288775855968, -7.705738, -0.75477207, -2.0374656,0
16537, 149288954, 149288954917478, -7.791331, -2.8880057, 1.5454572,0
16560, 149289134, 149289134453676, -4.747702, -1.4903905, 1.7938557,0
16577, 149289313, 149289313962374, -4.27365, -3.685275, 4.823718,0
16595, 149289492, 149289492953259, -11.892598, 0.6051345, 0.3633201,0
16611, 149289674, 149289674247374, -11.767501, -6.2446766, -2.2152352,0
16632, 149289852, 149289852928936, -6.1884127, -2.1559787, -3.7828386,0
16658, 149290032, 149290032482687, -8.106767, -1.8608932, 3.8983588,0
16683, 149290214, 149290214597218, -3.675698, -2.1619642, 3.389591,0
16698, 149290391, 149290391624614, -4.647744, -3.5446155, 4.6471453,0
16723, 149290570, 149290570640602, -11.172543, 0.7182605, 0.87208796,0
16742, 149290750, 149290750600862, -13.899538, -5.878962, -2.142212,0
16762, 149290930, 149290930160393, -4.585495, -2.0272903, -3.6122518,0
16787, 149291110, 149291110179924, -4.2515035, -2.0919337, 4.1802764,0
16808, 149291289, 149291289632424, -9.085397, -3.7942111, 1.4065934,0
16834, 149291472, 149291472423205, -7.4166384, -4.84766, 3.7008374,0
16851, 149291648, 149291648771122, -11.95784, -0.2825158, 0.79008657,0
16868, 149291827, 149291827896539, -15.847221, -7.716512, -1.5209166,0
16896, 149292007, 149292007379247, -2.7856536, -2.1996727, -1.6490064,0
16913, 149292187, 149292187059299, -5.4091, -1.2354081, 4.7518916,0
16938, 149292366, 149292366787684, -18.720263, -3.9217024, 0.8439561,0
16966, 149292546, 149292546338830, -17.746422, -4.712986, -0.06943185,0
16991, 149292725, 149292725892423, -8.187572, -0.7026982, 1.1558008,0
17010, 149292905, 149292905288361, -12.206239, 0.57161564, 5.205593,0
17033, 149293084, 149293084885131, -4.2515035, -1.6807296, 7.2352777,0
17060, 149293264, 149293264597371, -8.51019, 1.0672154, 5.439028,0
17078, 149293443, 149293443706642, -19.6133, -8.078635, 0.1400608,0
17098, 149293623, 149293623700756, -12.575544, -6.5948286, 1.2593501,0
17128, 149293804, 149293804139142, -8.239047, -1.1707647, 0.9379285,0
17155, 149293985, 149293985056902, -15.057135, -4.6513352, 3.0520086,0
17172, 149294162, 149294162734715, 0.32800564, -3.8283286, 9.23264,0
17193, 149294341, 149294341081173, -11.783064, 3.7469256, 0.8690952,0
17216, 149294521, 149294521522371, -9.862315, -1.7495629, 5.245696,0
17238, 149294703, 149294703869454, -14.98471, -4.3101616, -0.42796355,0
17263, 149294880, 149294880678725, -8.776545, 0.25139117, 0.5506664,0
17288, 149295060, 149295060236172, -12.813767, -0.4381389, 3.4620156,0
17315, 149295239, 149295239932787, -4.739322, -2.1152773, 9.897031,0
17331, 149295419, 149295419921537, -11.888409, 1.963844, 2.6168625,0
17358, 149295598, 149295598952839, -6.699575, 1.1498153, 11.52449,0
17385, 149295778, 149295778940495, -13.003508, -0.50757074, -2.0380642,0
17405, 149295957, 149295958014194, -7.763199, -1.614889, 2.779668,0
17429, 149296138, 149296138110912, -12.038645, 2.9281087, -1.1097125,0
17448, 149296316, 149296316938933, -4.8722005, -3.6403837, 16.804304,0
17463, 149296496, 149296496489454, -14.607024, 3.7594953, -3.804985,0
17482, 149296676, 149296676254871, -9.146449, -0.12330139, 8.629301,0
17504, 149296855, 149296855771225, -11.492168, -0.504578, -1.7238252,0
17528, 149297035, 149297035298465, -7.1347213, -1.8614918, 2.1176715,0
17553, 149297218, 149297218077527, -10.990582, 3.117849, -0.06823475,0
17569, 149297394, 149297394503985, -12.719196, -5.6245785, 10.184934,0
17594, 149297574, 149297574387109, -13.185468, 2.5246856, -3.0777464,0
17616, 149297753, 149297753679400, -18.359936, -4.935048, 7.1311297,0
17635, 149297933, 149297933543150, -7.752425, 0.5859809, -0.842759,0
17660, 149298113, 149298113469661, -5.5461683, -3.1908724, 3.870227,0
17682, 149298292, 149298292559140, -11.768699, 3.2369606, -0.050876785,0
17706, 149298472, 149298472534609, -18.331804, -11.001955, 3.6014779,0
17722, 149298652, 149298652076536, -9.063251, 0.40761283, 1.0013748,0
17746, 149298831, 149298831229974, -9.106346, -4.9123034, 0.11791443,0
17772, 149299011, 149299011121119, -3.5895069, 0.30705637, 0.65541273,0
17789, 149299190, 149299190147994, -3.3476925, -3.265691, 6.88333,0
17811, 149299369, 149299369921119, -10.478224, 1.4425066, -0.51475334,0
17837, 149299549, 149299549432682, -13.815741, -10.399215, 0.45729253,0
17861, 149299729, 149299729305859, -6.962937, -1.6693572, -3.288436,0
17879, 149299908, 149299908954869, -5.919664, -5.143344, 1.2551602,0
17905, 149300088, 149300088365859, -3.469797, -1.644218, 0.52373165,0
17933, 149300267, 149300267251588, -4.0599675, -3.8857894, 5.910087,0
17952, 149300447, 149300447069609, -11.038467, 1.103727, 1.7363948,0
17976, 149300626, 149300627003672, -12.106879, -6.3111157, -1.4754268,0
18005, 149300806, 149300806178151, -6.1381345, -1.7764976, -3.7235823,0
18028, 149300986, 149300986706901, -6.8426285, -2.3373394, 3.8181531,0
18046, 149301165, 149301165714608, -7.023391, -2.4708161, 2.8898015,0
18071, 149301344, 149301344560338, -6.139332, -4.12102, 4.3155484,0
18094, 149301524, 149301524616223, -11.673529, 0.5614403, 1.2749124,0
18116, 149301703, 149301704039765, -13.061567, -5.1636944, -4.11264,0
18141, 149301884, 149301884532733, -6.161478, -2.4791958, -3.855862,0
18166, 149302063, 149302063904921, -4.158728, -1.7064673, 3.5990837,0
18195, 149302243, 149302243334295, -12.522872, -3.9187095, 1.3850456,0
18211, 149302422, 149302422798253, -10.829573, -4.8464627, 0.9947908,0
18241, 149302602, 149302602422056, -10.714052, -0.13826515, 0.61770403,0
18269, 149302782, 149302782892941, -16.065693, -4.6603136, 2.629432,0
18294, 149302969, 149302969885024, -4.324527, -2.4959552, 7.4549456,0
18314, 149303140, 149303140856378, -9.85214, 0.7248446, 4.2395325,0
18339, 149303320, 149303320483617, -14.987104, -1.9692309, 9.698911,0
18368, 149303500, 149303500588565, -12.285248, -4.298789, -1.5280992,0
18387, 149303680, 149303680363878, -8.119935, -0.2621651, 0.6075287,0
18412, 149303859, 149303859205597, -11.501745, 2.1990743, 2.3133974,0
18441, 149304038, 149304038844191, -10.965444, -3.8833952, 16.29793,0
18466, 149304225, 149304225974972, -14.259267, 3.3207579, -3.4386723,0
18481, 149304398, 149304398593045, -13.731944, -2.681506, 9.088988,0
18506, 149304577, 149304577546326, -8.853159, 0.45669398, -2.1763294,0
18528, 149304756, 149304756808670, -7.8092875, -2.0428526, 2.9281087,0
18547, 149304936, 149304936583930, -16.499641, 3.5751417, -2.9694088,0
18573, 149305115, 149305115883722, -8.38629, -4.0216603, 17.932571,0
18596, 149305295, 149305295793722, -14.720151, 3.651756, -5.2127757,0
18621, 149305475, 149305475504764, -11.116279, -1.3826514, 11.552023,0
18637, 149305654, 149305654976430, -11.044453, -0.44891283, -0.57161564,0
18662, 149305834, 149305834270597, -8.203134, -1.3455414, 3.0933087,0
18687, 149306014, 149306014113305, -11.568783, 4.733337, 1.6711528,0
18703, 149306193, 149306193853982, -10.38904, -4.6764746, 18.968662,0
18728, 149306373, 149306373674867, -14.291589, 3.517681, -2.2290018,0
18752, 149306560, 149306560846273, -12.114062, -2.1140802, 9.333796,0
18773, 149306732, 149306732870805, -8.883087, 0.9959879, -1.0384849,0
18794, 149306911, 149306911856378, -6.1866174, -2.4510639, 3.247136,0
18816, 149307090, 149307091000596, -13.593678, 3.5763388, -0.98222125,0
18835, 149307270, 149307270976012, -15.452178, -9.029133, 5.181651,0
18853, 149307453, 149307453267836, -12.810775, 1.5263035, -3.1573534,0
18866, 149307629, 149307629468148, -16.242264, -6.940192, 3.9414546,0
18888, 149307809, 149307809563981, -7.4962454, -0.7918822, -0.7469909,0
18912, 149307989, 149307989071741, -6.293159, -3.1214404, 3.4201171,0
18931, 149308168, 149308168500023, -13.114839, 1.2737153, 1.845331,0
18953, 149308348, 149308348488408, -12.938865, -8.057686, 4.2515035,0
18979, 149308527, 149308527874971, -9.553463, -0.45489833, -1.1617863,0
19004, 149308712, 149308713041325, -8.337209, -3.1172507, 2.1859062,0
19020, 149308887, 149308887233929, -5.663484, -2.5049336, 1.8201919,0
19045, 149309066, 149309066571531, -2.9340942, -3.8265328, 7.116166,0
19067, 149309246, 149309246099605, -11.711238, 2.1110873, -1.2389994,0
19088, 149309425, 149309425599970, -12.79222, -6.733692, -0.9044097,0
19114, 149309605, 149309605343616, -2.2511482, -1.4688427, -4.3999443,0
19137, 149309784, 149309784738512, -3.934272, -0.8158242, 1.7866731,0
19163, 149309974, 149309974670908, -7.045537, -3.1621418, 2.8951883,0
19180, 149310143, 149310143763303, -4.68665, -5.333683, 3.3267434,0
19207, 149310323, 149310323507262, -11.073183, 0.55365914, 1.4137762,0
19229, 149310502, 149310502595647, -12.065579, -5.083489, -3.606865,0
19235, 149310681, 149310681554189, -2.4372973, -0.39683893, -1.9512744,0
19247, 149310860, 149310860769344, -4.31914, -0.76195467, 0.8511387,0
19258, 149311040, 149311040291844, -16.96651, -4.022857, -1.7058687,0
19265, 149311219, 149311219846428, -9.513959, -5.1702785, 2.0530279,0
19280, 149311400, 149311400994344, -10.635044, 0.14844051, 0.27234045,0
19305, 149311582, 149311582232314, -15.188815, -5.556942, -1.1252748,0
19330, 149311759, 149311759705750, -1.1899183, -0.6536171, 0.93613285,0
19348, 149311940, 149311940841739, -6.1644707, -0.4818331, 3.714604,0
19370, 149312118, 149312119033771, -19.6133, -4.060566, 2.1380222,0
19388, 149312298, 149312298679865, -9.78989, -4.63697, 3.405752,0
19410, 149312478, 149312478773927, -9.294291, -0.3238158, 0.39205053,0
19430, 149312658, 149312658212573, -14.549563, -4.204817, 1.2964603,0
19458, 149312837, 149312837543875, -4.712986, -2.110489, 5.0374002,0
19485, 149313017, 149313017278979, -9.210494, 0.8110358, 2.9430726,0
19505, 149313197, 149313197334865, -13.657125, -1.5173253, 3.946243,0
19532, 149313378, 149313378302208, -12.9484415, -5.7478795, -1.2030864,0
19558, 149313555, 149313556049813, -8.700529, 0.52852005, 0.3250129,0
19585, 149313736, 149313736394396, -10.921151, 0.7212533, 3.470994,0
19601, 149313914, 149313914896271, -5.5521536, -1.4466964, 7.9708962,0
19630, 149314094, 149314094473667, -11.780669, 1.762731, 1.4622587,0
19653, 149314273, 149314273676739, -5.5383873, -0.61112, 7.9870567,0
19670, 149314455, 149314455299760, -12.930485, -1.6537948, -1.7196354,0
19692, 149314633, 149314633416427, -7.04015, -0.8499416, 1.4586674,0
19718, 149314832, 149314832258145, -10.520123, 0.99179804, 1.3257892,0
19739, 149314992, 149314992656062, -5.638345, -2.4821887, 8.607754,0
19759, 149315172, 149315172963562, -9.603742, 2.0248961, 2.8987796,0
19780, 149315352, 149315352792052, -1.328782, 1.2330139, 10.229825,0
19804, 149315530, 149315530146426, -7.5704656, -1.3563153, -3.3387144,0
19813, 149315711, 149315711674343, -9.102157, -0.62728083, 0.521936,0
19826, 149315890, 149315890421530, -12.452243, 0.93972415, 3.1471782,0
19850, 149316068, 149316068861009, -3.3117795, -2.5773582, 12.731766,0
19870, 149316249, 149316249309030, -13.150153, 1.958457, 1.055843,0
19889, 149316428, 149316428917207, -8.391078, -0.56563014, 10.753557,0
19913, 149316613, 149316613096895, -13.062764, -2.6922798, -0.6733692,0
19935, 149316788, 149316788278718, -9.537901, -0.15023616, 0.694917,0
19959, 149316968, 149316968122727, -12.243349, 1.9680338, 2.0638018,0
19975, 149317147, 149317147212936, -7.9673047, -3.4081461, 14.028825,0
20000, 149317326, 149317326998925, -13.160927, 3.9869444, -1.1013328,0
20029, 149317506, 149317506646946, -7.1365166, 0.9876082, 10.180744,0
20045, 149317685, 149317685987363, -8.674791, -0.073621705, 0.5931635,0
20073, 149317865, 149317865290332, -8.649054, -1.0552444, 2.7371712,0
20096, 149318046, 149318046112415, -10.724228, 1.977012, 0.99419224,0
20121, 149318224, 149318224748509, -14.126987, -5.4432178, 9.936536,0
20141, 149318404, 149318404373300, -13.043013, 2.5145104, -4.5777135,0
20166, 149318583, 149318583870540, -18.371906, -4.3927617, 3.7882257,0
20192, 149318762, 149318763031530, -6.401497, 1.0570401, -1.1719618,0
20210, 149318945, 149318945542518, -5.5347958, -3.0388405, 6.405088,0
20233, 149319122, 149319122747675, -12.233772, 2.7222073, -2.0129251,0
20260, 149319300, 149319300803455, -12.385804, -9.21229, 1.1605892,0
20282, 149319481, 149319481849289, -7.2364745, -0.4794389, -1.9045875,0
20300, 149319661, 149319661307830, -8.759786, -4.8979383, 3.043629,0
20326, 149319840, 149319841016893, -9.467272, -3.4326868, -0.26755205,0
20352, 149320020, 149320020412101, -5.9519854, -2.920926, 2.6982653,0
20373, 149320204, 149320204236529, -11.040861, 0.6374562, -0.0712275,0
20387, 149320379, 149320379698195, -11.503541, -6.166865, -1.6412252,0
20416, 149320559, 149320559167048, -4.763264, -1.6801311, -3.643975,0
20444, 149320739, 149320739348246, -6.6241574, -1.4209588, 3.0627825,0
20460, 149320918, 149320918442152, -10.062231, -2.8377275, 3.8744168,0
20488, 149321097, 149321097563819, -5.5485625, -5.011064, 3.643975,0
20515, 149321278, 149321278458350, -10.931327, 0.10175357, 0.32680854,0
20534, 149321457, 149321457430902, -12.050615, -5.9944825, 0.85054016,0
20555, 149321638, 149321638791996, -3.4979286, -1.328782, -2.011728,0
20580, 149321816, 149321816299496, -4.8907557, -1.8052281, 2.6072857,0
20608, 149321995, 149321995713246, -15.766417, -3.7343562, 3.1399956,0
20628, 149322175, 149322175987830, -8.684368, -4.003105, 2.9604304,0
20653, 149322354, 149322354667621, -12.42052, -0.25019407, 0.5674258,0
20678, 149322539, 149322539049131, -11.821371, -4.4220905, -2.2619221,0
20695, 149322714, 149322714462153, -1.2413936, 0.06284779, 0.66259533,0
20715, 149322893, 149322893765486, -5.058948, -1.0803835, 4.174889,0
20741, 149323074, 149323074135434, -19.353529, -3.53863, 2.735974,0
20763, 149323252, 149323252907413, -9.048286, -4.9422307, 3.4871547,0
20783, 149323432, 149323432448767, -9.859323, -0.19273324, 0.7410054,0
20807, 149323613, 149323613551996, -12.392986, -5.993285, 1.2491747,0
20831, 149323792, 149323792193351, 0.2777274, -0.4890157, 4.006098,0
20857, 149323970, 149323970970642, -6.84203, 0.3465607, 3.4326868,0
20873, 149324150, 149324150513506, -16.27279, -3.74513, 2.0787656,0
20898, 149324330, 149324330164964, -8.160637, -5.3247046, 3.4009635,0
20923, 149324509, 149324509703142, -11.842918, -0.25438392, 0.1352724,0
20939, 149324689, 149324689173454, -16.067488, -5.8095303, -0.9103952,0
20963, 149324869, 149324869455172, -3.0657754, -1.1186907, -0.31004912,0
20984, 149325048, 149325048669183, -5.503671, -1.0564415, 3.8977604,0
21009, 149325227, 149325227437672, -12.360066, -1.1575965, 1.9123687,0
21024, 149325409, 149325409357828, -7.7530236, -4.150947, 2.9131448,0
21047, 149325587, 149325587245692, -9.43495, 0.3477578, 0.18914193,0
21075, 149325766, 149325766864599, -15.726314, -4.2850223, -0.108337626,0
21092, 149325949, 149325949123713, -3.6014779, -0.3513491, 3.3626564,0
21115, 149326125, 149326125666994, -8.403648, 0.40521863, 3.2303767,0
21143, 149326306, 149326306086317, -17.256208, -3.2249897, -0.079008654,0
21166, 149326484, 149326484908765, -12.02428, -4.3993454, 1.3682863,0
21185, 149326664, 149326664572099, -8.407239, 0.3477578, -0.45130703,0
21213, 149326843, 149326843796057, -13.767857, -4.8877625, -1.3180081,0
21237, 149327024, 149327024909807, -0.3321955, -0.30825347, 1.6705543,0
21258, 149327203, 149327203784390, -9.196129, -0.6123171, 2.463035,0
21279, 149327383, 149327383578453, -14.973936, -2.4355016, 2.3588872,0
21306, 149327562, 149327562402359, -8.778939, -4.200627, 0.9020155,0
21333, 149327742, 149327742746161, -9.77373, -0.5793968, 0.99060094,0
21350, 149327921, 149327921720224, -15.236101, -5.1050367, -1.3006501,0
21378, 149328100, 149328100906056, -0.6961141, -1.0265139, 0.43514615,0
21405, 149328280, 149328280886004, -8.192958, -0.7188591, 2.0231004,0
21427, 149328460, 149328460253348, -0.4878186, -1.30484, 4.1132383,0
21454, 149328639, 149328639592514, -5.1690817, -3.4261026, 2.9801826,0
21474, 149328818, 149328818601420, -10.380061, 0.021547815, 1.0366893,0
21500, 149328998, 149328998822566, -13.210607, -4.104859, -2.304419,0
21519, 149329178, 149329178683555, -2.8790276, -0.5883751, -0.15981296,0
21542, 149329357, 149329357865118, -6.76781, -0.85652566, 1.4443022,0
21567, 149329537, 149329537429233, -8.834005, -2.789245, 4.5699325,0
21594, 149329718, 149329718437305, -7.7332716, -3.5470097, 2.754529,0
21613, 149329896, 149329896997201, -11.62744, 0.29867667, 1.0378864,0
21637, 149330076, 149330076381212, -12.56058, -5.7790046, -2.2619221,0
21663, 149330255, 149330255379806, -3.5727475, -0.8535329, -2.902371,0
21679, 149330435, 149330435149181, -6.6666546, -2.4480712, 1.9428947,0
21706, 149330614, 149330615191316, -12.966398, -2.4313118, 4.3155484,0
21736, 149330794, 149330794801160, -7.6428905, -3.442862, 2.9789855,0
21762, 149330974, 149330974600847, -11.424532, 0.7811083, 0.6434417,0
21782, 149331153, 149331153681628, -12.006323, -5.2439003, -1.9099745,0
21800, 149331333, 149331333426419, -3.1920695, -1.4790181, -2.207454,0
21825, 149331512, 149331512843555, -7.301717, -1.3581109, 3.4883518,0
21841, 149331692, 149331692535690, -14.909292, -3.7846344, 3.5152867,0
21855, 149331870, 149331870377252, -8.993818, -3.2094274, 1.7136499,0
21863, 149332050, 149332050141419, -10.736199, -0.28072014, 0.6147113,0
21881, 149332232, 149332232458711, -12.372636, -4.1491513, -3.0023289,0
21898, 149332410, 149332410741158, 0.28670564, -0.9367314, 2.460641,0
21926, 149332590, 149332590203085, -6.0663085, -0.9068039, 1.958457,0
21954, 149332772, 149332772684909, -11.1653595, -0.60453594, -0.23582886,0
21971, 149332949, 149332949764961, -8.631696, -2.1601684, 3.2890346,0
21996, 149333129, 149333129088555, -8.534731, 0.33997664, 1.3820529,0
22019, 149333308, 149333308710638, -15.288774, -3.9468415, 2.3241713,0
22042, 149333487, 149333488009544, -5.1062336, -1.5382746, 5.21098,0
22060, 149333669, 149333669044336, -7.3124905, 0.97384155, 2.8095956,0
22084, 149333847, 149333847461107, -14.805743, -1.3916297, 1.1695676,0
22109, 149334026, 149334026920273, -11.939285, -1.9979613, 0.9103952,0
22128, 149334206, 149334206335065, -8.477868, -0.641646, 1.1390414,0
22149, 149334386, 149334386180794, -14.024036, -1.4305356, 1.6759412,0
22175, 149334566, 149334566245169, -4.9278655, -3.7253778, 5.716755,0
22203, 149334783, 149334783745951, -9.952697, 2.0811598, -0.046088383,0
22218, 149334924, 149334924475221, -11.9746, 0.039504327, 7.2622123,0
22241, 149335108, 149335109025794, -12.315774, -1.2006922, -0.073621705,0
22264, 149335283, 149335283900584, -8.480861, -1.0839748, 1.1599907,0
22289, 149335464, 149335464055793, -11.8022175, 3.0256724, 0.6913257,0
22307, 149335642, 149335643020377, -12.932281, -5.171476, 11.38383,0
22333, 149335822, 149335822535428, -10.536881, 1.8914193, 1.2324153,0
22360, 149336003, 149336003839230, -10.418967, -0.8331822, 6.9820905,0
22376, 149336181, 149336181764231, -10.543466, -1.1593921, -0.17417817,0
22402, 149336362, 149336362332564, -8.77834, -2.1972785, 1.9734207,0
22425, 149336540, 149336540569074, -12.334928, 1.9716251, 0.7278373,0
22448, 149336719, 149336719745689, -15.503055, -6.9342065, 5.4539914,0
22464, 149336900, 149336900759907, -7.9571295, 0.6147113, 1.6406267,0
22489, 149337079, 149337079560897, -17.273567, -5.040992, 7.471705,0
22516, 149337258, 149337258800637, -6.227319, 0.040102877, -0.9876082,0
22532, 149337438, 149337438758501, -6.4086795, -2.8245595, 3.1789012,0
22557, 149337618, 149337618325948, -13.016078, 2.6886885, -0.40462008,0
22585, 149337798, 149337798643865, -13.879786, -9.01417, 3.8732197,0
22609, 149337977, 149337977506521, -8.05589, 0.41479546, 2.1709423,0
22629, 149338157, 149338157096990, -18.355146, -5.6616883, 6.9677253,0
22656, 149338339, 149338339715375, -4.9559975, 1.2964603, -1.8058267,0
22680, 149338516, 149338516494907, -6.302736, -3.1986535, 5.4887075,0
22699, 149338695, 149338695380688, -12.77546, 4.6154222, -0.31603462,0
22722, 149338875, 149338875638292, -14.469358, -6.101623, 10.294469,0
22750, 149339054, 149339054886522, -10.521319, 1.3323733, -1.2898762,0
22777, 149339238, 149339238148969, -13.53562, -1.2366052, 8.039729,0
22793, 149339413, 149339413951105, -8.19236, 0.3716998, -2.3122003,0
22820, 149339593, 149339593962459, -7.6428905, -2.5450363, 3.0603883,0
22847, 149339773, 149339773147459, -13.607446, 3.6194344, 0.2136825,0
22870, 149339953, 149339953308136, -11.930307, -6.7043633, 10.402806,0
22895, 149340133, 149340133507199, -12.038046, 2.2254105, -2.6641479,0
22921, 149340311, 149340311862720, -12.680291, -2.545635, 9.0554695,0
22950, 149340490, 149340491024332, -4.2143936, 0.480636, -0.8972271,0
22970, 149340675, 149340675890896, -6.8557963, -2.6180596, 3.9959226,0
22994, 149340850, 149340850494385, -14.203003, 3.3411086, 0.2208651,0
23019, 149341030, 149341030583291, -12.538434, -6.4936733, 3.5236664,0
23034, 149341208, 149341208760427, -8.007407, 0.8996213, 0.83856916,0
23051, 149341389, 149341389169645, -17.296312, -5.9226565, 7.5309615,0
23077, 149341569, 149341569544906, -8.133701, -0.45968673, -1.2773066,0
23097, 149341747, 149341747731624, -7.055114, -2.7180176, 2.7132292,0
23115, 149341928, 149341928785687, -10.520123, 3.4117374, 0.7703344,0
23138, 149342107, 149342107700062, -14.36102, -7.2927384, 5.2780175,0
23165, 149342287, 149342287103552, -8.819042, 1.5795746, -1.3605051,0
23190, 149342468, 149342468319748, -17.35078, -5.2852, 8.617331,0
23204, 149342646, 149342646084749, -7.5285673, -0.08140286, -1.5873557,0
23228, 149342825, 149342825873603, -7.9906483, -2.384625, 2.0374656,0
23250, 149343004, 149343004970374, -10.700286, 0.842759, 0.95468795,0
23267, 149343188, 149343188194280, -10.437522, -6.63134, 0.8451532,0
23291, 149343364, 149343364275790, -5.7041855, 0.5530606, -0.5117606,0
23312, 149343544, 149343544279436, -13.286622, -5.267244, 0.7026982,0
23337, 149343723, 149343723847353, -6.4960675, -2.3995886, 0.08798691,0
23356, 149343904, 149343904609279, -6.9808936, -3.4039562, 3.2483332,0
23380, 149344083, 149344083236155, -11.313202, 1.6364368, 1.1767502,0
23406, 149344262, 149344262361780, -12.61026, -8.178593, 1.2372037,0
23423, 149344441, 149344441933707, -6.453571, -0.7835025, -1.7393875,0
23449, 149344621, 149344621591468, -15.2367, -6.343437, 1.7842789,0
23477, 149344800, 149344801033550, -3.7271736, -2.0829554, 1.2216414,0
23501, 149344980, 149344980604592, -5.094861, -3.2914288, 5.181651,0
23521, 149345159, 149345159896467, -10.168773, 1.7034745, 2.259528,0
23545, 149345339, 149345339851415, -9.566033, -6.079477, -2.5366566,0
23573, 149345519, 149345519446467, -5.142745, -0.7224504, -1.6472107,0
23592, 149345698, 149345698742248, -8.065467, -2.7252002, 2.2122424,0
23615, 149345878, 149345878552977, -4.3999443, -3.0148985, 4.6082397,0
23642, 149346058, 149346058214539, -6.791752, -3.3620577, 3.9456444,0
23668, 149346240, 149346240202716, -12.419921, 0.81163436, 1.7190368,0
23684, 149346417, 149346417576727, -12.506711, -6.518214, -2.7365725,0
23711, 149346596, 149346596859591, -4.5160627, -1.4077905, -1.6801311,0
23736, 149346776, 149346776937612, -5.6006365, -1.2312182, 4.362834,0
23758, 149346955, 149346955920998, -5.9489927, -4.410718, 7.6764092,0
23784, 149347135, 149347135355737, -6.9090676, -3.2986114, 3.465607,0
23810, 149347314, 149347314886050, -10.011953, 0.6039374, 1.4466964,0
23839, 149347494, 149347494796361, -11.819575, -4.996699, -1.4275428,0
23856, 149347674, 149347674417768, -2.6844985, -0.6183026, -1.8567034,0
23885, 149347853, 149347853868653, -7.969699, -1.5867572, 3.389591,0
23912, 149348033, 149348033949434, -10.940305, -3.2477345, 3.9336734,0
23936, 149348219, 149348219215059, -9.018359, -2.77069, 2.1829133,0
23955, 149348392, 149348392544121, -9.61272, 0.5303157, 0.985214,0
23980, 149348572, 149348572188289, -12.609063, -3.9372647, -1.0420763,0
23996, 149348750, 149348750659850, -4.6112323, -1.6861166, 2.8814218,0
24013, 149348931, 149348931175162, -7.61416, 0.5943606, 2.4396915,0
24036, 149349110, 149349110811100, -10.214263, -0.79128367, 1.067814,0
24062, 149349290, 149349290400371, -7.317279, -1.6897079, 1.5921441,0
24088, 149349473, 149349473421986, -7.587824, 0.09816227, 0.3226187,0
24105, 149349649, 149349649271152, -11.577761, -2.380435, -4.311359,0
24131, 149349829, 149349829637350, -0.3716998, -2.0428526, 0.3184288,0
24153, 149350008, 149350008714589, -7.4046674, 1.3634979, 1.1767502,0
24172, 149350188, 149350188217402, -7.5255747, -3.321955, 5.9759274,0
24196, 149350367, 149350367822871, -7.3777328, -2.0578163, 1.7669208,0
24218, 149350547, 149350547363130, -8.443152, 0.5009867, 1.2449849,0
24244, 149350727, 149350727251829, -10.387244, -4.8865657, -3.4626143,0
24261, 149350907, 149350907215631, -3.655946, -1.1917139, -2.1769278,0
24285, 149351086, 149351086190631, -8.184579, -1.8303672, 3.2920272,0
24310, 149351266, 149351266130266, -4.138976, -4.233547, 5.8388596,0
24326, 149351445, 149351445234173, -5.333683, -3.8762126, 4.2916064,0
24352, 149351624, 149351624653339, -10.893618, 0.15502456, 1.4167689,0
24371, 149351804, 149351804900892, -10.095152, -4.087501, -2.5767596,0
24391, 149351983, 149351983678808, -1.9482816, -0.60693014, -1.1150994,0
24410, 149352163, 149352163863340, -8.441357, -0.78769237, 1.8734628,0
24432, 149352343, 149352343521048, -6.5738792, -4.52145, 8.29531,0
24458, 149352522, 149352522840110, -7.574057, -4.0785227, 2.582745,0
24479, 149352703, 149352703856256, -11.285069, -0.16699557, 2.7605145,0
24500, 149352881, 149352881862819, -10.17835, -4.4208937, -1.009156,0
24528, 149353061, 149353061307297, -1.447295, -0.3866636, -0.8559271,0
24552, 149353241, 149353241059849, -7.603386, -1.91596, 3.110068,0
24571, 149353420, 149353421000110, -18.537704, -5.2702365, -0.12210429,0
24593, 149353599, 149353599922296, -9.574412, -3.0322564, 2.7048495,0
24618, 149353779, 149353779568494, -8.88608, 0.43275195, 1.1528081,0
24644, 149353966, 149353966890629, -15.677832, -2.421735, 3.4410665,0
24660, 149354138, 149354138792035, -5.993285, -2.315193, 5.692813,0
24686, 149354318, 149354318457609, -8.874707, 1.9309237, 0.4997896,0
24713, 149354498, 149354498268286, -13.877392, 0.1412579, 3.0358477,0
24744, 149354737, 149354737110317, -12.265495, -0.90141696, -0.9391256,0
24755, 149354856, 149354856318130, -7.379528, -1.9632454, 2.6641479,0
24782, 149355036, 149355036240161, -12.293029, 3.1896753, 3.4003649,0
24808, 149355222, 149355222420630, -13.206416, -4.5561657, 8.9519205,0
24827, 149355395, 149355395770317, -11.425131, 1.7669208, -0.36511576,0
24854, 149355575, 149355575437504, -6.169858, 2.3918076, 5.8304796,0
24882, 149355754, 149355754560577, -8.12592, -1.0827777, -0.6434417,0
24900, 149355934, 149355934652504, -7.8571715, -2.0709844, 1.8890251,0
24923, 149356113, 149356114027140, -14.072519, 0.6691794, -1.1055226,0
24954, 149356293, 149356293657921, -13.366828, -4.449025, 11.099519,0
24975, 149356477, 149356477378337, -10.807426, 2.7760768, -0.2693477,0
24993, 149356652, 149356652876098, -12.908937, -1.9608512, 4.9763484,0
25021, 149356833, 149356833047973, -9.220071, -1.009156, -0.6290765,0
25047, 149357012, 149357012802504, -7.2843585, -2.3187842, 2.2218192,0
25068, 149357191, 149357191294638, -12.158355, 2.066196, 0.13227965,0
25095, 149357372, 149357372720264, -11.373655, -5.9005103, 5.7281275,0
25115, 149357549, 149357549930263, -10.127473, 1.6861166, -1.1043255,0
25137, 149357729, 149357729995888, -16.12016, -6.622362, 6.2003837,0
25153, 149357909, 149357909691670, -8.488642, -2.8000188, 2.1936872,0
25177, 149358087, 149358087991409, -7.521983, -3.2213984, 3.7415388,0
25199, 149358268, 149358268904222, -9.686341, 1.7806876, 1.9674352,0
25215, 149358448, 149358448176253, -9.890448, -5.4504004, -2.6288335,0
25241, 149358627, 149358627633076, -6.096236, -0.5943606, -1.067814,0
25261, 149358807, 149358807244743, -7.023989, -1.2629414, 3.9270895,0
25285, 149358987, 149358987056826, -7.7799582, -2.4666264, 2.3523033,0
25303, 149359166, 149359166425941, -9.094974, -2.5797524, 1.7310078,0
25326, 149359346, 149359346131670, -10.029311, 0.25318682, 1.4670471,0
25351, 149359526, 149359526440628, -12.883798, -3.477578, -0.98222125,0
25376, 149359716, 149359716595732, -5.3803697, -1.0175357, 2.6276364,0
25391, 149359885, 149359885154795, -6.0399723, -0.32561144, 3.0508115,0
25411, 149360063, 149360064003753, -14.83567, 2.5450363, 3.8301241,0
25421, 149360242, 149360242440264, -10.583569, -2.8275523, -0.25139117,0
25428, 149360422, 149360422655055, -7.867945, -0.43275195, 1.6705543,0
25440, 149360603, 149360603109534, -11.540052, 2.1027076, 2.5558102,0
25462, 149360784, 149360784210055, -14.692617, -4.6501384, 9.643845,0
25478, 149360962, 149360962458857, -10.893019, 2.5240872, -0.089782566,0
25495, 149361140, 149361140737971, -16.501436, -2.5187001, 5.101445,0
25517, 149361321, 149361321983753, -9.534309, -1.395221, -1.5610195,0
25541, 149361501, 149361501110001, -7.560889, -2.594716, 2.6234465,0
25561, 149361680, 149361680482346, -11.227609, 0.6404489, 3.1573534,0
25585, 149361861, 149361861054273, -13.493721, -6.993463, 3.098097,0
25606, 149362039, 149362039942762, -7.3088994, 0.8451532, 1.4257472,0
25631, 149362220, 149362220757085, -15.829265, -7.2310877, 7.2723875,0
25648, 149362402, 149362402903075, -6.2345014, -1.6962919, 1.5676036,0
25669, 149362578, 149362578388283, -6.8605847, -2.8520927, 3.4518404,0
25695, 149362757, 149362757834325, -8.749012, 0.6500258, 1.1198878,0
25711, 149362937, 149362937501460, -10.14124, -5.33069, -0.54527944,0
25737, 149363117, 149363117501616, -6.303933, -0.38606504, 1.2653356,0
25759, 149363297, 149363297206148, -7.423821, -0.95947635, 5.151125,0
25785, 149363477, 149363477128387, -5.8119245, -4.3634324, 8.318654,0
25800, 149363655, 149363655875627, -6.7785835, -3.4099417, 3.799598,0
25824, 149363835, 149363835516721, -10.523115, -0.14185645, 1.2659341,0
25852, 149364015, 149364015958439, -11.744757, -2.308609, -2.0644004,0
25870, 149364201, 149364201583960, -2.7730842, -0.6183026, -0.5291186,0
25892, 149364374, 149364374468491, -5.4881086, 0.05805939, 3.5613751,0
25920, 149364554, 149364554150730, -15.594034, -3.3973722, -0.33159694,0
25943, 149364733, 149364733300991, -8.448539, -1.5993267, 0.8074445,0
25960, 149364913, 149364913145262, -6.271611, -0.25677812, 1.1540052,0
25985, 149365092, 149365092224324, -14.178462, -1.2372037, 3.4530375,0
26012, 149365271, 149365271988491, -9.219472, -3.6272156, 6.221333,0
26034, 149365454, 149365454358022, -10.01315, 2.520496, -0.24600422,0
26050, 149365630, 149365630180209, -8.365341, 1.1252748, 10.213664,0
26058, 149365809, 149365809122344, -10.346542, -1.2306197, -0.17657238,0
26066, 149365988, 149365988939219, -7.6770077, -1.8441339, 1.567005,0
26073, 149366168, 149366168270938, -11.306019, 2.7503393, 2.1481974,0
26083, 149366348, 149366348743542, -14.86081, -5.792771, 8.755595,0
26093, 149366527, 149366527381095, -10.04607, 1.6178818, 1.2006922,0
26103, 149366707, 149366707393177, -18.674774, -6.0357823, 4.9667716,0
26112, 149366887, 149366887106146, -7.8146744, -1.608305, -0.089782566,0
26127, 149367067, 149367067197083, -7.397485, -3.2010477, 2.9622262,0
26148, 149367247, 149367247435469, -9.200318, 0.2669535, 1.4838065,0
26163, 149367426, 149367426925365, -10.431537, -2.8137856, -0.6326678,0
26183, 149367606, 149367606363385, -2.344522, -0.9576807, 0.3549404,0
26209, 149367786, 149367786138750, -6.201581, 0.017956512, 3.4877534,0
26236, 149367965, 149367965511302, -18.131887, -2.967613, -0.50757074,0
26249, 149368143, 149368143879011, -9.730036, -1.9297266, 0.83138657,0
26272, 149368324, 149368324514583, -7.0982094, -0.13946225, 1.4065934,0
26298, 149368504, 149368504183854, -14.903307, 0.10115502, 3.2483332,0
26314, 149368683, 149368683696614, -10.825981, -3.863643, 8.166023,0
26340, 149368863, 149368863634166, -13.854647, 2.8054059, -0.6925228,0
26363, 149369043, 149369043691718, 1.5466543, -9.801862, -0.8678981,0
26390, 149369222, 149369222210156, -14.771028, -2.8089972, 3.828927,0
26409, 149369403, 149369403381770, -8.465299, -4.2820296, 2.2732944,0
26433, 149369581, 149369581671458, -9.139865, -4.385579, 3.1052797,0
26462, 149369761, 149369761766458, -9.75697, -3.221997, -0.110133275,0
26479, 149369940, 149369940292915, -9.073426, -1.6783354, 2.055422,0
26504, 149370120, 149370120218488, -7.1131735, -2.6928782, 6.4709287,0
26537, 149370299, 149370299918332, -6.223129, -1.9710265, 6.1866174,0
26597, 149370478, 149370478813697, -5.9627595, -2.510919, 6.3218894,0
26610, 149370659, 149370659302186, -6.481104, -2.7407625, 6.027403,0
26640, 149370838, 149370838508020, -7.3507977, -3.4410665, 6.9707184,0
26656, 149371017, 149371017908072, -6.667852, -1.9237411, 7.6530657,0
26665, 149371197, 149371197437707, -6.8342485, -1.8309658, 6.5265937,0
26682, 149371377, 149371377161457, -7.0395517, -1.5167267, 6.8683662,0
26704, 149371557, 149371557343749, -6.9108634, -1.1330559, 5.971139,0
26744, 149371735, 149371735293176, -7.465121, -1.6543933, 6.2045736,0
26774, 149371956, 149371956315205, -7.925406, -1.1133038, 8.484452,0
