29502, 149466158, 149466158077046, 0.623091, 9.837775, -1.7591397,0
29531, 149466310, 149466310046316, 1.6633717, 9.572617, -2.087744,0
29548, 149466488, 149466488662826, -0.2813187, 9.606135, -2.2158337,0
29562, 149466668, 149466668190431, 0.14425065, 9.590573, -2.3092074,0
29571, 149466848, 149466848707722, 0.88405895, 9.630676, -2.0667946,0
29594, 149467027, 149467027752462, 0.30406362, 9.589975, -2.677316,0
29606, 149467207, 149467207151212, -2.3050177, 9.765948, -2.4594438,0
29621, 149467386, 149467386767097, 3.1794999, 12.998121, 2.6755204,0
29650, 149467566, 149467566900170, -2.690484, 0.2801216, 1.0301052,0
29664, 149467748, 149467748086524, -3.566762, 11.7681, -1.0402806,0
29681, 149467926, 149467926211681, 1.6657659, 10.445902, 1.899799,0
29698, 149468105, 149468105804702, -5.1726727, 12.395381, -5.693412,0
29722, 149468285, 149468285765952, 0.7565677, 9.682152, -1.2348095,0
29749, 149468465, 149468465626785, -1.9428947, 10.007165, -1.560421,0
29766, 149468646, 149468646612931, 8.048708, 17.499819, 0.10654198,0
29791, 149468824, 149468824904025, -1.3994108, -1.9907787, 0.6841431,0
29818, 149469003, 149469003896211, -4.5765166, 12.947245, -1.3892355,0
29843, 149469182, 149469182456107, 2.082357, 19.612701, -0.4854244,0
29853, 149469361, 149469361897982, 3.3105824, 9.260174, 2.7216089,0
29864, 149469541, 149469541156315, 0.40940848, 9.312247, -0.9367314,0
29876, 149469722, 149469722644388, 1.1815386, 12.107478, -1.7842789,0
29885, 149469900, 149469900449284, -13.078327, 6.3422403, -4.052785,0
29896, 149470080, 149470080313346, -2.0829554, 2.5671828, 0.25438392,0
29914, 149470260, 149470260713763, 3.4757824, 10.15381, -3.5488055,0
29928, 149470439, 149470439221679, -7.9278, 13.02745, -9.223662,0
29934, 149470618, 149470618294232, -0.8750807, 9.356541, -1.7806876,0
29941, 149470798, 149470798138086, -0.15981296, 11.401787, -1.4341269,0
29952, 149470977, 149470977760638, -15.43482, 11.820772, -1.8800468,0
29970, 149471164, 149471164156992, -3.50152, 2.3481133, 0.98940384,0
29979, 149471337, 149471337636107, 0.20649989, 15.2097645, -7.1143703,0
30003, 149471518, 149471518214232, -12.363059, 3.776853, -7.0066314,0
30019, 149471697, 149471697499075, -3.383007, 8.648455, -3.0304608,0
30035, 149471876, 149471876638554, 0.3573346, 11.508927, -0.8170213,0
30060, 149472060, 149472060168189, 5.13257, 10.930129, -3.8833952,0
30070, 149472234, 149472234686366, -4.9745526, 1.8154035, 0.7020996,0
30084, 149472415, 149472415113085, 1.8920178, 14.94341, 2.1260512,0
30097, 149472594, 149472594370689, -0.9876082, 4.3143516, 0.3752911,0
30112, 149472773, 149472773221366, -1.9548657, 9.630077, -4.19524,0
30122, 149472953, 149472953412408, -3.5942953, 9.980828, -3.867833,0
30134, 149473133, 149473133953866, 12.0093155, 19.612701, -0.061650693,0
30161, 149473314, 149473314243710, -2.1972785, -2.224812, 1.9117701,0
30186, 149473493, 149473493238294, -3.8019924, 16.318281, -3.6607344,0
30213, 149473672, 149473672411731, 10.052654, 12.446258, 10.189124,0
30231, 149473852, 149473852461314, -1.0929531, 10.107721, -2.3959973,0
30243, 149474031, 149474031856158, -2.148796, 10.16578, -2.835932,0
30273, 149474211, 149474211631989, 10.532093, 19.612701, 0.6973112,0
30304, 149474449, 149474449203136, -2.7730842, -2.5079262, 2.2254105,0
30315, 149474571, 149474571903189, -4.727351, 16.547525, -3.0244753,0
30343, 149474749, 149474749897615, 16.552912, 19.612701, 8.829816,0
30367, 149474929, 149474929370688, -0.22984336, 8.587403, -0.16699557,0
30388, 149475109, 149475109237719, -1.5478514, 9.8683, -2.5187001,0
30414, 149475289, 149475289164334, 3.6529531, 19.213469, -5.1798553,0
30439, 149475468, 149475468197875, 0.19692309, -3.3973722, 2.0847511,0
30456, 149475646, 149475646484907, -4.0563765, 13.516466, -1.7501614,0
30470, 149475827, 149475827782094, 5.1140146, 19.612701, 11.76391,0
30499, 149476007, 149476007171157, 4.099472, 9.691729, 4.2119994,0
30522, 149476185, 149476185781574, 0.61770403, 9.55047, -1.287482,0
30541, 149476366, 149476366192928, 0.3238158, 13.936049, -2.813187,0
30570, 149476548, 149476549043032, -1.7764976, -0.26994625, -0.59615624,0
30588, 149476725, 149476725455740, -5.1607018, 8.854357, -0.748188,0
30609, 149476904, 149476904809281, -0.62249243, 19.612701, -6.055535,0
30633, 149477084, 149477084678603, 2.5007436, 9.662399, 2.4714148,0
30662, 149477264, 149477264251155, -0.6302736, 9.941922, -1.8124107,0
30689, 149477444, 149477444335374, 2.0757728, 13.054385, -2.1404164,0
30706, 149477623, 149477623601312, -3.7361517, -0.16998832, -1.0941502,0
30730, 149477805, 149477805311259, -3.2531216, 6.773795, -1.5089456,0
30752, 149477982, 149477982787718, -5.5150437, 14.570513, -4.68246,0
30778, 149478161, 149478161917562, 0.21667525, 8.981249, 0.8702923,0
30796, 149478341, 149478341179905, 0.24959552, 9.509171, -1.5819688,0
30823, 149478521, 149478521107821, 2.2451627, 12.600085, -2.272696,0
30850, 149478700, 149478700820426, -11.68131, 4.8817773, -3.8426938,0
30863, 149478880, 149478880164696, -2.1529858, 3.757101, -0.64463884,0
30890, 149479059, 149479059799436, 0.3645172, 9.937134, -3.840898,0
30914, 149479238, 149479238815426, -2.396596, 9.83957, -7.361572,0
30940, 149479418, 149479418716936, 0.55844754, 9.150041, -1.3994108,0
30961, 149479598, 149479598754488, 2.0254946, 11.716624, -1.5376761,0
30984, 149479778, 149479778499696, -19.6133, 13.821727, -2.9179332,0
31013, 149479957, 149479957333499, -2.707842, 1.4095862, -0.45729253,0
31032, 149480139, 149480139517040, -3.4757824, 13.309367, -3.2692823,0
31057, 149480316, 149480316889384, -15.991471, 6.133346, -13.398551,0
31086, 149480496, 149480496542926, -6.730101, 8.507795, -5.117606,0
31103, 149480674, 149480674730218, 2.6354175, 11.344326, -2.409764,0
31111, 149480854, 149480854014905, 0.98700964, 13.42788, -4.110844,0
31130, 149481035, 149481035079853, -4.9158945, 0.11133038, -1.7717092,0
31157, 149481214, 149481214695686, 1.3479356, 14.591462, -4.052785,0
31175, 149481394, 149481394924020, -13.7923975, -0.36272156, -12.923901,0
31200, 149481573, 149481573800634, -6.0202203, 10.840346, -6.0040593,0
31225, 149481753, 149481753538395, -2.4378958, 10.749966, -2.7832594,0
31252, 149481933, 149481933718238, 10.612299, 12.046426, 0.19512744,0
31267, 149482113, 149482113363185, -4.276643, 1.0372878, 0.5931635,0
31294, 149482292, 149482292286675, -2.071583, 14.804546, -1.6885108,0
31310, 149482473, 149482473807665, 6.199187, 7.377134, 4.578911,0
31333, 149482661, 149482663986154, -0.65541273, 9.798869, -3.245939,0
31354, 149482831, 149482832340373, -0.18854338, 9.671378, -2.4001873,0
31379, 149483010, 149483010421570, 8.635885, 19.612701, -0.10594343,0
31403, 149483191, 149483191740633, -3.980959, -2.4253263, 0.21906945,0
31423, 149483370, 149483370183393, -2.492364, 16.339828, -3.7253778,0
31448, 149483549, 149483549972143, 14.551958, 13.512875, 8.104373,0
31473, 149483728, 149483729123393, -0.21906945, 8.74542, -1.6950948,0
31485, 149483909, 149483909338601, -1.3784616, 10.421362, -2.7156234,0
31497, 149484087, 149484087841935, 4.2185836, 19.612701, -5.242703,0
31507, 149484266, 149484266457560, -2.5761611, -2.6132712, 1.7537527,0
31521, 149484446, 149484446686258, -6.4416, 12.042834, -1.9722236,0
31539, 149484627, 149484627787404, 9.448118, 19.612701, 18.672379,0
31561, 149484806, 149484806244174, 3.5224693, 8.995614, 2.6001031,0
31586, 149484986, 149484986241101, 0.4830302, 9.581595, -1.0307038,0
31611, 149485166, 149485166194122, 2.059612, 13.867815, -2.2002714,0
31630, 149485344, 149485344589278, -1.9853917, -0.5554548, 0.024540568,0
31657, 149485525, 149485525354903, -2.5037365, 9.729437, -0.15801731,0
31676, 149485703, 149485703135580, -7.3747396, 12.26789, -4.462792,0
31688, 149485883, 149485883976882, 0.94930094, 11.007342, 0.22804771,0
31715, 149486064, 149486064081726, -1.0510546, 9.950901, -1.875857,0
31738, 149486242, 149486242970893, 2.284667, 13.775638, -2.4600422,0
31764, 149486422, 149486422247976, -2.4690206, -0.40761283, -0.6937199,0
31783, 149486602, 149486602241674, -2.9029696, 6.0106435, -0.75956047,0
31808, 149486782, 149486782346153, -2.0751743, 17.736845, -5.626374,0
31833, 149486960, 149486960938236, 2.0649989, 8.78672, 1.8579005,0
31852, 149487145, 149487145646674, 0.36391866, 9.774927, -2.2547395,0
31877, 149487321, 149487321685265, 3.74513, 14.040796, -2.4127567,0
31906, 149487500, 149487500104068, -2.9412768, -0.6991069, -0.6242881,0
31931, 149487679, 149487679672037, -4.396353, 8.504205, -1.8632874,0
31951, 149487859, 149487859584016, -2.80361, 11.150994, -1.3664906,0
31980, 149488039, 149488039568391, -2.7569232, 10.899005, -2.546832,0
32004, 149488218, 149488218801256, -0.11731588, 10.173561, -0.85532856,0
32023, 149488398, 149488398246621, 0.40581718, 12.2559185, -2.4648306,0
32049, 149488577, 149488577597871, -13.92767, 9.618706, -5.8508306,0
32077, 149488757, 149488757647037, -1.5849615, 3.3411086, 0.4950012,0
32104, 149488936, 149488936264850, -3.4727895, 13.031041, -4.284424,0
32121, 149489116, 149489116820891, -15.581465, 4.060566, -7.7973166,0
32150, 149489295, 149489295286517, -5.3965306, 8.36175, -5.2379146,0
32179, 149489477, 149489477733027, 2.5187001, 11.10311, -1.2791022,0
32197, 149489655, 149489655757194, 0.4770447, 11.871051, -5.3043537,0
32222, 149489834, 149489834507871, -2.5492263, -0.9660604, -0.7356185,0
32249, 149490014, 149490014134328, 4.6782703, 15.535377, -3.3889925,0
32277, 149490193, 149490193238442, -7.3525934, 0.2669535, -13.753491,0
32296, 149490373, 149490373122869, -2.6396074, 10.109517, -4.3305125,0
32323, 149490553, 149490553451411, -3.0974984, 10.632649, -3.177704,0
32349, 149490732, 149490732707713, 10.415975, 19.516335, 1.6561891,0
32368, 149490912, 149490912506723, -3.7098155, 0.516549, 0.74758947,0
32392, 149491091, 149491091953286, -4.2981906, 16.00464, -3.787627,0
32415, 149491270, 149491270682296, 9.209297, 7.9182234, 8.053496,0
32434, 149491450, 149491450571462, -0.94331545, 9.618706, -3.2465374,0
32455, 149491631, 149491631808650, -0.9744401, 9.753379, -3.9234982,0
32478, 149491809, 149491809889535, 5.395932, 19.612701, -3.8947675,0
32500, 149491991, 149491991134275, -2.0548236, -2.6641479, 1.3347675,0
32524, 149492169, 149492169865889, -5.892729, 17.658434, -5.9238534,0
32542, 149492349, 149492349603077, 11.068395, 19.612701, 14.037803,0
32568, 149492527, 149492527612608, 1.2593501, 9.205107, 0.89184016,0
32595, 149492712, 149492712499379, -1.4341269, 9.627684, -2.333748,0
32605, 149492886, 149492886049900, 5.331289, 19.612701, -3.6326025,0
32623, 149493066, 149493066337712, -2.3648727, -3.6715083, 0.89662856,0
32647, 149493246, 149493246630212, -3.743933, 12.992135, -1.9800048,0
32672, 149493426, 149493426322973, 4.1701007, 19.612701, 8.998009,0
32691, 149493606, 149493606443806, 0.7326257, 9.713276, 1.927931,0
32715, 149493785, 149493785589171, 0.2100912, 9.157822, -1.3461399,0
32742, 149493964, 149493964229744, 3.17531, 14.346655, -1.9123687,0
32757, 149494144, 149494144573025, -1.2395979, -0.7625532, -0.36152446,0
32785, 149494323, 149494323373338, -3.8133647, 9.962872, 0.2693477,0
32812, 149494503, 149494503362661, -6.7402763, 11.741165, -4.291008,0
32836, 149494683, 149494683426671, 1.0959458, 9.585785, 1.851915,0
32857, 149494862, 149494862352452, 1.3700819, 10.089765, -0.8774749,0
32887, 149495043, 149495044035525, 1.2838906, 12.55699, -2.870648,0
32911, 149495222, 149495222048701, -11.248558, 5.66528, -3.8127663,0
32932, 149495402, 149495402255420, -2.765303, 5.2929816, -0.59017074,0
32955, 149495581, 149495581078857, -0.12030864, 10.0825815, -4.185065,0
32982, 149495758, 149495758949951, -5.1930237, 12.879608, -11.267712,0
33005, 149495940, 149495940901044, -2.3582888, 8.514978, -3.1974564,0
33019, 149496094, 149496094497399, 2.533664, 11.416152, -1.9644425,0
33020, 149496094, 149496094692607, 2.533664, 11.416152, -1.9644425,0
33020, 149496094, 149496094846149, 2.533664, 11.416152, -1.9644425,0
33020, 149496095, 149496095010993, 2.533664, 11.416152, -1.9644425,0
33020, 149496095, 149496095159326, 2.533664, 11.416152, -1.9644425,0
33020, 149496095, 149496095350732, 2.533664, 11.416152, -1.9644425,0
33021, 149496095, 149496095509639, 2.533664, 11.416152, -1.9644425,0
33021, 149496098, 149496098022086, 2.6731262, 11.6669445, -2.0919337,0
33021, 149496117, 149496117958649, 1.9177556, 12.695254, -1.946486,0
33023, 149496138, 149496138543076, 1.8130093, 12.756307, -2.3744495,0
33025, 149496159, 149496159410940, 2.9179332, 14.511855, -2.7581203,0
33027, 149496177, 149496177525732, 5.7323174, 19.612701, -3.655946,0
33028, 149496197, 149496197720263, 10.1460285, 19.612701, -0.7799112,0
33029, 149496217, 149496217846618, 10.733805, 15.318701, 0.04129998,0
33031, 149496237, 149496237782034, 5.130774, 12.514492, -4.122815,0
33032, 149496258, 149496258356461, -2.441487, 14.058752, -3.1543608,0
33033, 149496278, 149496278167190, -16.19917, 13.751098, -2.220622,0
33036, 149496297, 149496297664586, -13.32912, 7.836222, -4.348469,0
33037, 149496317, 149496317655680, -10.223241, 2.6521769, -3.0669725,0
33038, 149496338, 149496338206357, -5.6150017, 0.58777654, -0.39025488,0
33039, 149496358, 149496358054743, -2.871845, -1.2689269, 1.7543513,0
33039, 149496378, 149496378012920, -3.0424318, -1.4885949, 2.1470003,0
33042, 149496398, 149496398864899, -3.8666358, -0.1316811, 1.1558008,0
33049, 149496422, 149496422403441, -4.437653, 0.52373165, 0.8726865,0
33055, 149496439, 149496439506513, -3.968988, 1.0348936, 0.66259533,0
33058, 149496459, 149496459340263, -3.0765493, 1.5119383, 0.5303157,0
33063, 149496483, 149496483097035, -2.0362685, 2.5516205, -0.05686229,0
33065, 149496500, 149496501010576, -1.8237832, 4.5100775, -1.2276269,0
33067, 149496519, 149496519083544, -3.3435028, 6.6229606, -1.2276269,0
33072, 149496538, 149496538881357, -5.2887917, 10.324396, -1.0420763,0
33074, 149496559, 149496559144534, -4.6261964, 18.38268, -4.2676644,0
33079, 149496582, 149496582063180, -4.209007, 15.83944, -3.46022,0
33081, 149496598, 149496598205992, 2.1583729, 14.953586, 1.6077064,0
33082, 149496618, 149496618941200, 2.7868507, 17.122732, -7.100005,0
33087, 149496638, 149496638071148, -3.2070332, 14.921862, -3.0262709,0
33091, 149496658, 149496658953752, 0.46387658, 10.293272, -3.2836475,0
33104, 149496681, 149496681694117, -3.977966, 9.783307, -3.7738605,0
33106, 149496697, 149496697984117, -6.2009826, 13.691841, -4.9733553,0
33108, 149496718, 149496718714637, 6.8683662, 19.612701, 11.917738,0
33113, 149496739, 149496739212241, 17.488447, 19.612701, 9.102755,0
33116, 149496759, 149496759701356, 3.0178912, 6.7845693, 3.5685577,0
33121, 149496781, 149496781776305, -11.593323, -1.2575544, -10.429143,0
33123, 149496798, 149496798697137, -16.43859, -1.7142484, -9.241618,0
33124, 149496818, 149496818593596, -12.624027, 10.401609, -9.907805,0
33128, 149496837, 149496837882242, -8.501212, 13.642161, -12.140997,0
33130, 149496857, 149496857773283, -3.21661, 10.9822035, -3.6020765,0
33135, 149496880, 149496880622502, 1.7788919, 10.311827, 1.0821792,0
33140, 149496901, 149496901247085, 3.684078, 9.569624, 2.9484594,0
33147, 149496917, 149496918020939, 2.2589293, 8.898649, 0.7679402,0
33152, 149496938, 149496938821877, -0.2705448, 9.762358, -2.6342204,0
33155, 149496959, 149496959133908, -3.2974143, 10.306439, -4.993706,0
33160, 149496979, 149496979868700, -5.504868, 9.489418, -5.3923407,0
33163, 149496999, 149496999898127, -4.712986, 8.336611, -4.221576,0
33164, 149497017, 149497017989533, -2.078167, 8.710705, -3.21661,0
33168, 149497036, 149497036834481, 0.28191724, 9.668983, -1.7675194,0
33171, 149497057, 149497057959481, 1.9542671, 9.955689, -0.53929394,0
33176, 149497082, 149497082339794, 2.9352913, 9.352949, 0.27353755,0
33178, 149497098, 149497098535575, 1.6412252, 8.903438, -1.8489223,0
33179, 149497117, 149497117856773, -0.10474633, 9.936536, -3.4853592,0
33184, 149497137, 149497137802866, -1.3347675, 10.13286, -3.4302924,0
33188, 149497158, 149497158705991, 0.81283146, 10.394426, -1.3724761,0
33199, 149497180, 149497180472450, 3.8989575, 11.993753, -2.018312,0
33201, 149497197, 149497197708856, 3.1824925, 11.848306, -1.9722236,0
33203, 149497216, 149497216666617, 1.6154876, 12.197859, -2.6420016,0
33208, 149497237, 149497237579116, 0.29029694, 11.958439, -2.823961,0
33210, 149497256, 149497256866408, 0.37828386, 13.669695, -3.1848867,0
33215, 149497277, 149497277762294, 3.083732, 18.643648, -4.1264067,0
33217, 149497297, 149497297572762, 7.57286, 19.612701, -2.6449943,0
33219, 149497317, 149497317227502, 14.368203, 19.123087, 1.2797008,0
33224, 149497337, 149497337290679, 10.206482, 12.0649805, -0.21906945,0
33226, 149497356, 149497356494637, 4.831499, 12.211626, -2.405574,0
33231, 149497376, 149497376881460, -6.1530986, 15.043966, -3.5098996,0
33233, 149497397, 149497397194794, -19.307442, 11.064803, -3.776853,0
33243, 149497416, 149497416583700, -13.344682, 5.427057, -3.6565444,0
33247, 149497436, 149497436970314, -7.132327, 2.070386, -2.7060466,0
33250, 149497456, 149497456173387, -1.5837644, -0.7613561, -0.7104794,0
33255, 149497477, 149497477090262, -1.5011644, -3.2369606, 1.0342951,0
33257, 149497497, 149497497097241, -3.0388405, -0.6242881, 0.5746084,0
33259, 149497515, 149497515844169, -4.4364557, 1.8231846, -0.38965634,0
33263, 149497536, 149497536823856, -5.3486466, 1.3377602, -0.42437226,0
33266, 149497556, 149497556267189, -4.7058034, 0.27952304, -1.4598645,0
33271, 149497580, 149497580534949, -3.3901896, -0.06404489, -1.323395,0
33272, 149497595, 149497595781252, -1.9716251, 1.733402, -1.1851299,0
33274, 149497614, 149497614809690, -2.6683378, 4.9338512, -0.54767364,0
33278, 149497637, 149497637535054, -2.3768437, 10.175357, -0.40521863,0
33279, 149497657, 149497657795366, -2.9400797, 19.612701, -5.111022,0
33282, 149497679, 149497679178908, -7.498041, 17.852365, -8.850166,0
33282, 149497694, 149497694888960, -1.5304934, 12.978968, 1.6352397,0
33284, 149497723, 149497723726096, 5.7377043, 16.486473, -3.638588,0
33285, 149497733, 149497733776096, 2.3888147, 14.43943, -1.2336124,0
33285, 149497754, 149497754626565, 1.3850456, 12.93647, -2.0937295,0
33286, 149497774, 149497774312398, -4.935048, 9.427169, -3.982156,0
33287, 149497794, 149497794069167, -9.498397, 11.440693, -4.2299557,0
33287, 149497814, 149497814244325, 2.565387, 19.612701, 8.297705,0
33288, 149497833, 149497833574846, 19.612701, 19.612701, 12.928689,0
33288, 149497853, 149497853533961, 8.429385, 8.869919, 6.809708,0
33290, 149497873, 149497873603596, -12.230181, -1.3790601, -10.610503,0
33290, 149497893, 149497893486409, -19.6133, -2.011728, -11.252748,0
33293, 149497914, 149497914062659, -15.596429, 10.852318, -11.359888,0
33295, 149497935, 149497935236825, -7.928399, 13.606847, -11.794436,0
33296, 149497954, 149497954039846, -2.5091233, 9.871294, -5.5192337,0
33299, 149497974, 149497974452502, 2.0326772, 9.614515, 1.9315223,0
33301, 149497994, 149497994717086, 4.631583, 9.759365, 3.34051,0
33302, 149498014, 149498014312346, 2.0332758, 9.214684, -0.20350714,0
33304, 149498034, 149498034300731, -1.1755531, 9.902418, -4.256292,0
33304, 149498055, 149498055245367, -4.9655743, 10.383653, -6.5247984,0
33307, 149498074, 149498074275888, -6.251859, 8.863934, -5.732916,0
33307, 149498093, 149498093195575, -3.6349967, 8.142081, -4.5232453,0
33308, 149498113, 149498113194065, -0.635062, 9.027936, -3.328539,0
33309, 149498133, 149498133134065, 1.5406688, 9.947908, -1.4532804,0
33312, 149498153, 149498153565159, 2.2272062, 9.775525, -0.21428105,0
33314, 149498173, 149498173375784, 1.8632874, 9.598354, -0.61112,0
33314, 149498192, 149498192980054, 1.292869, 9.784504, -2.6473885,0
33315, 149498212, 149498212755992, 0.207697, 9.68694, -3.8133647,0
33316, 149498232, 149498232957711, -0.17896658, 10.3453455, -3.1800983,0
33316, 149498252, 149498252706461, 1.7064673, 10.675745, -3.0502129,0
33318, 149498273, 149498273244534, 3.401562, 11.01632, -2.8209682,0
33318, 149498292, 149498292706148, 2.7311857, 12.083536, -1.6256629,0
33319, 149498312, 149498312559690, 2.3427265, 12.846687, -1.4873978,0
33321, 149498332, 149498332636304, 1.6250644, 12.503119, -1.4089876,0
33321, 149498352, 149498352701877, 2.247557, 16.039356, -3.4398694,0
33323, 149498372, 149498372464325, 2.947861, 19.612701, -6.7318964,0
33324, 149498392, 149498392454638, 10.569203, 19.612701, -0.15741876,0
33327, 149498413, 149498413995940, 11.825561, 13.584102, 1.2964603,0
33329, 149498432, 149498432389273, 6.5547256, 13.22557, -2.0751743,0
33330, 149498453, 149498453791409, -4.658518, 14.088081, -4.64535,0
33332, 149498472, 149498472674169, -19.079992, 12.496535, -1.6484078,0
33333, 149498492, 149498492371565, -15.832257, 5.7125654, -3.8905778,0
33334, 149498512, 149498513010315, -7.8835077, 1.447295, -2.2182279,0
33335, 149498532, 149498532707763, -1.5275006, -1.7645266, 0.02873042,0
33336, 149498552, 149498552218388, -1.2773066, -3.1543608, 1.0761937,0
33337, 149498572, 149498572410679, -2.6856956, 1.2557588, 2.1284454,0
33338, 149498592, 149498592439117, -3.2489316, 2.0709844, 1.9925743,0
33339, 149498612, 149498612462659, -4.088698, 0.1412579, 0.86131406,0
33340, 149498631, 149498631847502, -2.9987376, -0.6733692, -0.62967503,0
33341, 149498651, 149498651876200, -1.673547, -0.060453594, -0.48602295,0
33344, 149498672, 149498672198284, -1.0618285, 1.8016368, -0.18614918,0
33344, 149498691, 149498691880888, -1.9620483, 4.44723, -1.2180501,0
33345, 149498711, 149498711891825, -3.9606082, 7.017405, -2.5605986,0
33347, 149498732, 149498732618492, -6.294955, 12.625224, -2.554613,0
33348, 149498751, 149498751741669, -6.033987, 19.612701, -8.573636,0
33350, 149498772, 149498772800523, -3.560178, 13.631986, -1.7070658,0
33350, 149498791, 149498791934377, 4.1880574, 15.76103, -0.012569559,0
33351, 149498811, 149498811741044, 4.0892963, 16.758814, -5.4964886,0
33352, 149498831, 149498831690992, -1.1294646, 13.790003, -1.2623428,0
33352, 149498851, 149498851804898, 0.8972271, 10.916363, -2.1092918,0
33354, 149498871, 149498871766200, -4.155137, 10.700286, -2.379238,0
33355, 149498891, 149498891573023, -0.6787562, 16.24406, -0.4321534,0
33360, 149498920, 149498920348075, 19.612701, 19.612701, 6.7642183,0
33361, 149498931, 149498931620836, 14.234128, 19.612701, 6.815694,0
33361, 149498951, 149498951293387, -5.425261, 5.044583, -1.0217255,0
33363, 149498971, 149498971518180, -17.028759, -6.4978633, -6.968324,0
33364, 149498992, 149498992039586, -13.185468, -1.6071079, -11.379641,0
33365, 149499012, 149499012671565, -9.305663, 13.403339, -8.189367,0
33366, 149499031, 149499031753440, -9.428367, 16.053122, -8.348581,0
33367, 149499051, 149499051753700, -0.9756372, 11.798027, -5.549161,0
33370, 149499071, 149499071798127, 4.8745947, 8.60117, 3.9390604,0
33372, 149499091, 149499091726044, 4.0138793, 7.294534, 2.854487,0
33374, 149499112, 149499112539013, 2.3529017, 8.90643, -1.1737574,0
33374, 149499132, 149499132389013, -0.57760113, 10.773309, -5.3941364,0
33377, 149499151, 149499151640732, -4.5777135, 10.163386, -6.7229185,0
33384, 149499171, 149499171174533, -5.8065376, 8.322245, -5.324106,0
33385, 149499192, 149499192909013, -2.8646624, 8.170214, -3.2824504,0
33391, 149499222, 149499222994794, -0.0796072, 9.504981, -1.7286136,0
33393, 149499231, 149499231728857, 1.922544, 10.29387, -0.7422025,0
33394, 149499251, 149499251585575, 2.9131448, 9.506178, -0.31483752,0
33398, 149499271, 149499271323595, 2.5851393, 8.754398, -0.85413146,0
33399, 149499291, 149499291264689, 0.7757214, 9.356541, -3.1334114,0
33404, 149499314, 149499314822710, -1.3730747, 10.254366, -5.059547,0
33406, 149499332, 149499332865159, -3.6631286, 11.281479, -5.1529207,0
33407, 149499353, 149499353245471, -1.6412252, 11.647193, -3.4087446,0
33412, 149499372, 149499372312450, 2.1799207, 12.21402, -1.174356,0
33414, 149499391, 149499392003388, 3.4512417, 12.761694, -1.2216414,0
33438, 149499564, 149499564567658, -17.852365, 12.178705, -1.3718776,0
33438, 149499564, 149499564859429, -17.852365, 12.178705, -1.3718776,0
33438, 149499565, 149499565105835, -17.852365, 12.178705, -1.3718776,0
33438, 149499565, 149499565367710, -17.852365, 12.178705, -1.3718776,0
33439, 149499565, 149499565636148, -17.852365, 12.178705, -1.3718776,0
33439, 149499565, 149499565981981, -17.852365, 12.178705, -1.3718776,0
33439, 149499566, 149499566297033, -17.852365, 12.178705, -1.3718776,0
33440, 149499566, 149499566560367, -17.852365, 12.178705, -1.3718776,0
33440, 149499570, 149499570055106, -14.502278, 6.9048777, -3.6876693,0
33441, 149499589, 149499589550366, -8.511387, 2.814384, -2.5761611,0
33442, 149499610, 149499610191668, -1.7986441, 0.08080431, -0.050876785,0
33443, 149499629, 149499629903908, -0.46028528, -3.1986535, 2.0859482,0
33445, 149499650, 149499650928908, -2.730587, -1.1258733, 2.160767,0
33448, 149499669, 149499669819012, -4.751293, 2.6731262, 0.91937345,0
33448, 149499689, 149499689786668, -5.568913, 2.0895395, 0.81343,0
33451, 149499710, 149499711020731, -4.453215, 1.1127052, -0.29269117,0
33453, 149499731, 149499731126512, -2.0362685, 0.7469909, -0.4369418,0
33454, 149499751, 149499751139897, -0.5231331, 1.9003977, 0.074220255,0
33460, 149499771, 149499771156147, -0.7727286, 4.7937903, -0.61890113,0
33461, 149499790, 149499790822397, -2.553416, 9.009979, -1.4173675,0
33465, 149499814, 149499814711565, -4.694431, 17.588404, -4.935647,0
33466, 149499832, 149499832142138, -7.6165543, 19.421764, -7.325659,0
33467, 149499849, 149499849873856, -3.1783028, 12.120646, 4.258686,0
33471, 149499870, 149499870542970, 5.93762, 17.210718, -3.7193923,0
33472, 149499890, 149499890460262, 2.5659857, 14.991294, -2.1254525,0
33482, 149499918, 149499918067241, 0.107140526, 14.307151, -4.03004,0
33484, 149499931, 149499931079845, -4.607043, 9.359533, -4.991312,0
33487, 149499950, 149499950115002, -8.116942, 10.905589, -6.0399723,0
33492, 149499970, 149499970511564, -0.43035775, 19.612701, 8.602366,0
33495, 149499990, 149499990753647, 19.612701, 19.612701, 5.6401405,0
33499, 149500012, 149500012559534, 6.245275, 9.93474, 6.7013707,0
33501, 149500031, 149500031774794, -9.94312, -2.8508956, -4.5082817,0
33503, 149500050, 149500050495991, -14.991893, -4.4436383, -8.333019,0
33507, 149500072, 149500072169534, -11.060614, 7.703344, -8.613141,0
33509, 149500090, 149500090112450, -10.263943, 16.700155, -12.401366,0
33515, 149500110, 149500110219533, -5.129577, 11.673529, -9.043498,0
33517, 149500130, 149500130553127, 0.142455, 8.780735, -0.25917232,0
33519, 149500149, 149500149272345, 2.207454, 8.459313, 2.9400797,0
33530, 149500170, 149500170445210, 2.4331074, 9.512762, 1.3569138,0
33531, 149500190, 149500190749324, 0.81163436, 9.949105, -1.6555905,0
33537, 149500210, 149500210335470, -2.5779567, 9.93893, -3.8301241,0
33540, 149500230, 149500230416616, -5.6658783, 9.413403, -4.947618,0
33542, 149500249, 149500249068335, -5.9047, 8.435371, -4.134786,0
33547, 149500270, 149500270316772, -3.7349546, 8.587403, -3.1364043,0
33549, 149500290, 149500290155158, -1.4047978, 9.775525, -2.220622,0
33554, 149500309, 149500309509272, -0.11971009, 10.539276, -1.6059108,0
33557, 149500330, 149500330211356, 0.3693056, 10.121488, -1.5298948,0
33558, 149500349, 149500349907293, 0.40282443, 9.733028, -1.1923125,0
33563, 149500372, 149500372229481, 0.2873042, 10.682928, -1.9129672,0
33565, 149500389, 149500389838699, 0.7350199, 10.942101, -1.9009962,0
33574, 149500409, 149500409431614, 2.882619, 10.639234, -2.135628,0
33576, 149500428, 149500428345833, 3.2345665, 10.78528, -2.92751,0
33576, 149500448, 149500448760522, 0.76434886, 11.53706, -2.191293,0
33578, 149500467, 149500467684584, -0.83378077, 13.075334, -1.8596961,0
33579, 149500488, 149500488057866, -0.19153613, 12.858659, -2.0123265,0
33580, 149500507, 149500507583907, 2.6288335, 16.126743, -4.0497923,0
33581, 149500527, 149500527496407, 6.227917, 19.612701, -4.9482164,0
33582, 149500547, 149500547802449, 12.236765, 19.054255, -1.6903064,0
33583, 149500567, 149500567960418, 9.60015, 12.628816, -0.4866215,0
33584, 149500588, 149500588682657, 2.870648, 12.1840925, -2.5791538,0
33588, 149500608, 149500608114949, -4.747702, 15.644911, -4.2161894,0
33589, 149500628, 149500628126407, -13.513473, 13.266272, -2.915539,0
33590, 149500648, 149500648292136, -14.164696, 7.5572977, -4.526837,0
33593, 149500667, 149500667703386, -10.581773, 3.2944214, -1.9147629,0
33594, 149500686, 149500686825314, -4.793192, 1.6879122, 1.2569559,0
33595, 149500706, 149500706936459, -0.62847793, -1.0690111, 1.8501194,0
33596, 149500726, 149500726968803, -1.6561891, -2.2403743, 1.4191631,0
33597, 149500747, 149500747339532, -3.193865, -0.024540568, 1.2802993,0
33598, 149500767, 149500767914689, -4.1252093, 1.7603368, 1.0378864,0
33598, 149500786, 149500786888595, -4.1036615, 2.3373394, 0.22744916,0
33599, 149500807, 149500807084428, -3.2531216, 2.0123265, -0.635062,0
33600, 149500826, 149500826972814, -2.3983915, 2.1428106, -0.031124622,0
33600, 149500846, 149500846783387, -1.4634558, 3.6122518, 0.1388637,0
33602, 149500867, 149500867074168, -2.3750482, 6.157887, -1.1318588,0
33602, 149500887, 149500887338230, -3.965995, 11.896789, -0.87089086,0
33606, 149500906, 149500906791564, -4.9901147, 19.612701, -7.0766616,0
33607, 149500926, 149500926869324, -1.8088194, 14.712968, -0.6751649,0
33608, 149500946, 149500946855678, 3.5565867, 16.474503, 0.19692309,0
33609, 149500966, 149500966483439, 1.5628152, 17.104177, -6.306926,0
33610, 149500987, 149500987294949, -1.6496049, 13.178285, -3.7858315,0
33613, 149501007, 149501007379272, -0.61112, 12.435484, -5.16968,0
33615, 149501026, 149501026775730, -9.192537, 9.465476, -2.959832,0
33616, 149501047, 149501047755157, -11.328764, 11.592725, -5.6096144,0
33619, 149501070, 149501070344532, 1.7824832, 16.804304, 5.7227407,0
33620, 149501086, 149501086116772, 19.612701, 19.612701, 10.324995,0
33621, 149501106, 149501106186772, 11.881226, 14.573505, 7.57286,0
33622, 149501126, 149501126261720, -8.565855, -0.24899697, -7.2125325,0
33623, 149501146, 149501146293751, -17.10298, -2.966416, -9.059061,0
33625, 149501165, 149501165776407, -15.790359, 5.4863133, -9.722853,0
33626, 149501185, 149501185905209, -10.904391, 15.719131, -15.042769,0
33629, 149501206, 149501206052814, -7.0156097, 9.861118, -7.7889366,0
33631, 149501243, 149501243897814, -1.8118122, 9.306861, 1.0851719,0
33632, 149501249, 149501249679376, 4.80636, 11.001955, 3.8851907,0
33632, 149501266, 149501266126355, 6.8653736, 10.010756, 1.7908629,0
33633, 149501286, 149501286108439, 3.2154129, 8.511986, -1.963844,0
33634, 149501305, 149501305519532, -2.2176294, 9.391854, -5.463568,0
33634, 149501325, 149501325663126, -6.3745623, 10.3453455, -7.1664443,0
33635, 149501345, 149501345828022, -6.3302693, 8.586804, -5.7478795,0
33636, 149501365, 149501365601512, -3.1094694, 8.128913, -3.678691,0
33636, 149501386, 149501386232241, 0.14065935, 9.638457, -1.7202339,0
33642, 149501406, 149501406647657, 2.319383, 10.947487, -0.06703765,0
33647, 149501427, 149501427098074, 2.8137856, 10.1939125, 0.46746787,0
33649, 149501445, 149501446024741, 2.441487, 9.391256, -1.6729485,0
33653, 149501466, 149501466268022, 1.0085574, 9.119514, -4.2922053,0
33654, 149501486, 149501486430886, -1.435324, 10.011354, -4.770447,0
33658, 149501506, 149501506383126, -2.747945, 10.915764, -4.132392,0
33659, 149501526, 149501526373595, -0.89603, 11.294048, -2.0566192,0
33663, 149501549, 149501549289845, 1.1528081, 12.0248785, -0.8170213,0
33664, 149501565, 149501565878387, 2.0787656, 13.215395, -0.99658644,0
33665, 149501586, 149501586766355, 2.1649568, 12.758102, -2.4199393,0
33668, 149501606, 149501606197761, 3.0490158, 16.19917, -4.5801077,0
33670, 149501626, 149501626346459, 5.547964, 19.612701, -7.716512,0
33673, 149501650, 149501650587605, 14.558542, 19.01475, -1.9865888,0
33682, 149501670, 149501671033594, 10.4644575, 11.374253, -0.78290397,0
33684, 149501686, 149501686947709, 1.1629834, 14.423868, -3.3273418,0
33688, 149501706, 149501706445261, -10.3770685, 17.514183, -0.97384155,0
33690, 149501726, 149501726821199, -16.485275, 9.34397, -3.1232362,0
33696, 149501748, 149501748497293, -12.822147, 4.192846, -2.9945478,0
33698, 149501766, 149501766588751, -6.873753, 1.690905, -0.4309563,0
33699, 149501787, 149501787177501, -2.791639, -0.23582886, 2.119467,0
33703, 149501807, 149501807277605, -2.9622262, -1.1133038, 3.4769795,0
33705, 149501827, 149501827380157, -4.1335893, 0.46686932, 2.8119898,0
33709, 149501853, 149501853200887, -4.6645036, 0.45669398, 2.7431567,0
33711, 149501866, 149501866139845, -4.088698, 0.17896658, 1.9973627,0
33712, 149501886, 149501886693334, -2.7168205, 0.41838676, 1.4059949,0
33718, 149501905, 149501905690314, -1.3820529, 1.6723499, 0.7128736,0
33727, 149501926, 149501926791355, -1.009156, 4.276643, -1.4466964,0
33731, 149501947, 149501947447501, -2.9945478, 6.6349316, -1.62686,0
33734, 149501965, 149501965760939, -5.7736173, 9.731233, -1.4520833,0
33735, 149501986, 149501986284428, -6.332065, 19.235615, -4.851251,0
33741, 149502005, 149502005944116, -4.4280763, 16.61217, -4.1437645,0
33743, 149502027, 149502027277397, 1.5394717, 15.300146, 4.4795513,0
33747, 149502047, 149502047180157, 7.3938932, 18.072632, -2.417545,0
33749, 149502066, 149502066062241, -0.0047884034, 14.152725, -4.06715,0
33750, 149502085, 149502085805001, -2.3014264, 13.809755, -4.367024,0
33755, 149502106, 149502106128178, -7.472902, 7.788338, -5.791574,0
33757, 149502125, 149502125849636, -8.231864, 11.95784, -6.6864066,0
33761, 149502145, 149502145780053, 0.58298814, 19.612701, 6.47033,0
33771, 149502165, 149502165970418, 19.612701, 19.612701, 8.277354,0
33773, 149502185, 149502185757397, 6.944382, 10.753557, 8.561067,0
33779, 149502205, 149502205607709, -9.703101, -4.4184995, -6.5247984,0
33781, 149502225, 149502225625209, -13.879188, -6.2913637, -9.916184,0
33786, 149502245, 149502245539220, -13.111846, 9.330803, -9.592968,0
33788, 149502265, 149502265195314, -15.972917, 18.17618, -14.830882,0
33789, 149502284, 149502284719949, -3.3207579, 9.272144, -5.0840874,0
33794, 149502305, 149502305589428, 1.7178397, 8.574235, 2.1523874,0
33796, 149502325, 149502325158959, 4.4017396, 9.724648, 4.0839095,0
33801, 149502344, 149502344441928, 3.3997664, 9.954493, 0.25558102,0
33803, 149502365, 149502365269637, -0.62967503, 10.277111, -3.5595794,0
33805, 149502385, 149502385095678, -5.0146556, 10.565014, -6.903681,0
33811, 149502404, 149502404980470, -6.743269, 9.027936, -6.9491706,0
33820, 149502424, 149502424980574, -4.336498, 7.9068513, -5.085284,0
33824, 149502446, 149502446401355, -0.9151836, 8.8806925, -3.0466216,0
33826, 149502465, 149502465248491, 1.4443022, 10.2974615, -0.6159084,0
33827, 149502484, 149502484526147, 2.384625, 10.356119, 1.0893618,0
33831, 149502504, 149502504847762, 1.9626468, 9.15423, 0.26156655,0
33833, 149502523, 149502523546824, 0.46866497, 9.214086, -2.2894554,0
33837, 149502543, 149502543801355, -0.49320555, 9.097368, -4.770447,0
33838, 149502563, 149502563795210, -1.3377602, 9.095572, -4.51307,0
33840, 149502583, 149502583449793, -0.3561375, 10.4883995, -3.2381577,0
33843, 149502604, 149502604210210, 2.3690627, 11.830349, -2.0602105,0
33845, 149502622, 149502622659480, 2.9358897, 12.567763, -0.60453594,0
33848, 149502642, 149502642799533, 2.0871453, 13.187861, -0.7086837,0
33855, 149502662, 149502662840939, 1.4634558, 12.764687, -1.9871874,0
33857, 149502682, 149502682690262, 2.0177135, 13.480553, -2.4480712,0
33861, 149502702, 149502702777449, 5.1170077, 19.52232, -4.419098,0
33862, 149502722, 149502722719741, 6.977901, 19.612701, -6.509236,0
33867, 149502742, 149502742538387, 14.285005, 17.584215, -0.7116765,0
33869, 149502762, 149502762565522, 8.735245, 9.627085, -1.4347254,0
33870, 149502782, 149502782017501, 1.4041992, 12.955026, -3.3530796,0
33871, 149502802, 149502802257085, -10.585963, 18.206108, -0.5662287,0
33872, 149502822, 149502822116564, -16.518196, 8.735844, -3.630807,0
33874, 149502842, 149502842325835, -3.1783028, 12.120646, 4.258686,0
33881, 149502926, 149502927108647, -2.0260932, -2.6803088, 1.75076,0
33881, 149502927, 149502927356095, -2.0260932, -2.6803088, 1.75076,0
33881, 149502927, 149502927541720, -2.0260932, -2.6803088, 1.75076,0
33881, 149502927, 149502927702865, -3.5152867, -1.2276269, 0.57400984,0
33883, 149502942, 149502942451981, -4.2425256, 0.9528923, 0.108936176,0
33885, 149502962, 149502962499168, -4.2796354, 1.7262194, 0.2717419,0
33886, 149502981, 149502982019845, -3.7804444, 1.3784616, -0.41000703,0
33890, 149503002, 149503002568229, -2.7335799, 1.1240777, -0.6913257,0
33890, 149503021, 149503021808489, -1.4161704, 2.295441, -0.9498995,0
33891, 149503042, 149503042236769, -1.6897079, 4.7459064, -0.33877954,0
33892, 149503062, 149503062083542, -3.5003228, 9.653421, 0.24361002,0
33893, 149503083, 149503083966875, -4.3041763, 19.612701, -6.14831,0
33898, 149503105, 149503105707709, -4.3915644, 16.111181, -6.9988503,0
33898, 149503123, 149503123196407, 0.82899237, 15.055339, 2.902371,0
33902, 149503142, 149503142580730, 3.2746694, 17.997812, -7.745841,0
33909, 149503162, 149503162643021, 0.11432313, 13.493721, 0.75596917,0
33912, 149503182, 149503182809011, 2.492364, 13.019071, -3.9013517,0
33916, 149503202, 149503202048698, -7.657854, 8.6017685, -2.9777884,0
33917, 149503223, 149503223387761, -9.723452, 12.170924, -5.118803,0
33922, 149503242, 149503242718438, 4.9679685, 19.612701, 11.356895,0
33923, 149503262, 149503262316303, 19.612701, 19.612701, 8.598776,0
33925, 149503282, 149503282629063, 5.935226, 8.243237, 3.268684,0
33930, 149503302, 149503302131980, -15.734694, -2.1769278, -8.428188,0
33931, 149503321, 149503321927396, -19.6133, -5.517438, -7.289147,0
33933, 149503341, 149503341309896, -11.546637, 8.391677, -12.959814,0
33933, 149503361, 149503361275052, -9.669582, 15.935208, -12.442666,0
33934, 149503382, 149503382375573, -4.88058, 12.112267, -3.9366663,0
33940, 149503402, 149503402489427, 1.6166847, 10.038888, 0.85413146,0
33947, 149503422, 149503422436459, 3.2573113, 8.443152, 3.276465,0
33952, 149503442, 149503442630938, 2.0033484, 8.565855, 0.044891283,0
33954, 149503462, 149503462060365, -0.682946, 10.5207205, -3.5625722,0
33955, 149503482, 149503482403334, -3.8576574, 11.079168, -5.981913,0
33960, 149503501, 149503501238021, -5.2887917, 8.763377, -5.963358,0
33962, 149503522, 149503522336771, -3.5272577, 7.410054, -5.037999,0
33967, 149503542, 149503542662657, -0.9636662, 8.39467, -3.6750996,0
33969, 149503562, 149503562494167, 0.7272388, 9.770737, -1.9632454,0
33973, 149503589, 149503589955781, 1.7735049, 9.882666, 0.6147113,0
33976, 149503601, 149503601644844, 1.4856021, 9.208698, -0.038307227,0
33977, 149503622, 149503622416563, 0.82001406, 10.050261, -2.327164,0
33982, 149503641, 149503641316302, -0.26635495, 9.82341, -5.2157683,0
33992, 149503662, 149503662642032, -0.95947635, 9.382876, -3.6284127,0
33995, 149503682, 149503682630105, 1.6340426, 10.800842, -2.4432828,0
34000, 149503701, 149503701607761, 3.1723173, 11.7303915, -1.839944,0
34001, 149503722, 149503722173334, 1.963844, 12.424111, -1.7004818,0
34007, 149503743, 149503743355573, 0.3573346, 13.456611, -2.2014685,0
34009, 149503762, 149503762276407, -0.32800564, 13.017873, -3.0388405,0
34012, 149503781, 149503781736875, 2.2703018, 16.695368, -3.9588125,0
34016, 149503810, 149503810212812, 6.7773867, 19.074007, -5.569512,0
34018, 149503820, 149503821020625, 11.066599, 19.612701, -2.693477,0
34022, 149503841, 149503841990782, 14.097059, 13.909714, -0.6787562,0
34024, 149503860, 149503860969739, 6.3033347, 9.706094, -2.1871033,0
34025, 149503880, 149503880273541, -0.99060094, 14.355634, -2.9867666,0
34029, 149503900, 149503900214010, -16.067488, 15.694591, -1.3545196,0
34035, 149503925, 149503925742136, -14.81532, 7.495647, -3.6553473,0
34039, 149503940, 149503940522864, -10.469246, 3.193865, -2.0638018,0
34041, 149503960, 149503960630729, -4.0306387, 1.1540052, -0.439336,0
34045, 149503982, 149503982255105, -0.46986207, -2.2361844, 1.6543933,0
34047, 149503999, 149503999618229, -1.5795746, -2.8532898, 2.146402,0
34048, 149504020, 149504020467031, -3.7307649, 0.8726865, 1.09834,0
34050, 149504040, 149504040444687, -4.803367, 2.5061307, 0.66259533,0
34051, 149504060, 149504060405521, -4.662708, 2.172738, 0.46567222,0
34054, 149504085, 149504085678438, -3.1411927, 1.4119805, -0.42317516,0
34055, 149504100, 149504100912291, -1.929128, 1.7112557, -0.52852005,0
34056, 149504119, 149504119597291, -1.7902644, 3.839701, -0.7870938,0
34057, 149504139, 149504139856510, -3.0358477, 7.6800003, -0.45848963,0
34060, 149504160, 149504160388489, -4.2544966, 17.141287, -5.697003,0
34069, 149504182, 149504183000938, -5.005079, 19.612701, -8.239047,0
34071, 149504199, 149504199831198, -2.9867666, 13.32074, 4.1413703,0
34072, 149504220, 149504221040677, 4.7159786, 19.354128, -2.4768016,0
34077, 149504241, 149504241130468, 4.0557775, 14.244902, 1.074398,0
34079, 149504261, 149504261697917, 2.5833437, 16.455349, -5.0493712,0
34084, 149504283, 149504283837240, -7.825448, 10.01315, -2.8030117,0
34086, 149504301, 149504301676042, -12.237364, 10.626065, -4.634576,0
34095, 149504382, 149504382886615, -3.108871, 17.74343, -5.321113,0
34097, 149504384, 149504384281615, 18.741812, 19.612701, 4.143166,0
34097, 149504384, 149504385035417, 14.696209, 17.187376, 5.353435,0
34098, 149504386, 149504386129167, -11.043854, -2.854487, 0.4830302,0
34102, 149504400, 149504400953489, -19.6133, -5.6281695, -3.663727,0
34110, 149504422, 149504422354167, -12.176909, 6.441001, -6.464943,0
34115, 149504440, 149504440647083, -9.497798, 16.9294, -14.161703,0
34118, 149504460, 149504460446614, -5.6126075, 12.084134, -8.668207,0
34122, 149504481, 149504481521355, -1.0516531, 7.849989, -0.78050977,0
34125, 149504499, 149504499167396, 1.2378023, 8.069656, 2.5306711,0
34127, 149504520, 149504520949635, 1.6980876, 10.030508, 0.5746084,0
34131, 149504539, 149504539353750, 0.046088383, 10.963648, -3.1812954,0
34133, 149504559, 149504559780468, -2.9843724, 10.324396, -5.361216,0
34138, 149504581, 149504581539896, -4.903325, 9.03452, -6.007052,0
34140, 149504599, 149504599368906, -4.44304, 8.282741, -5.1918263,0
34142, 149504620, 149504620110052, -2.677316, 8.84478, -4.056975,0
34146, 149504639, 149504639699843, -0.85293436, 9.661801, -2.8401217,0
34150, 149504659, 149504659366458, 0.44711718, 10.067019, -1.3365631,0
34161, 149504679, 149504679982708, 0.9259575, 10.023924, -0.7098808,0
34163, 149504699, 149504699836718, 1.0995371, 9.929353, -1.7286136,0
34165, 149504720, 149504720357968, 2.2625206, 9.826403, -2.5737667,0
34168, 149504739, 149504739508177, 3.7738605, 9.350554, -3.8971617,0
34170, 149504758, 149504758580781, 2.9879637, 11.048044, -4.0456023,0
34174, 149504780, 149504782542188, 0.10175357, 13.293206, -3.5051112,0
34176, 149504798, 149504798826979, -1.4203602, 14.0312195, -2.2361844,0
34178, 149504819, 149504819314531, 0.15442601, 13.444639, -2.2762873,0
34182, 149504838, 149504838962187, 4.1641154, 17.031752, -2.3588872,0
34183, 149504858, 149504858886562, 10.096349, 19.190125, -2.8832173,0
34187, 149504878, 149504878422656, 16.308105, 19.612701, -1.8770541,0
34191, 149504900, 149504900441510, 17.565062, 17.006014, 0.31004912,0
34198, 149504918, 149504918132552, 7.157466, 10.2178545, -4.8656163,0
34203, 149504939, 149504939869791, 0.28491, 13.672089, -2.6312277,0
34206, 149504958, 149504958663489, -13.60565, 16.774975, -3.0071173,0
34210, 149504979, 149504979267031, -15.659276, 9.037513, -4.7776294,0
34213, 149504999, 149504999573854, -12.438477, 4.3957543, -2.5629928,0
34215, 149505018, 149505018158229, -6.5385647, 2.5719712, -1.5741876,0
34219, 149505039, 149505039340885, -1.8926164, -0.75596917, 0.7745243,0
34221, 149505058, 149505058155000, -2.32058, -2.533664, 0.98461545,0
34226, 149505078, 149505078089271, -3.4991257, 1.4981717, 0.4441244,0
34228, 149505098, 149505098819479, -3.867833, 3.376423, 0.3465607,0
34230, 149505117, 149505117585677, -3.9324763, 2.3229742, 0.5734113,0
34234, 149505139, 149505139053593, -3.2615013, 1.3204023, -0.46267948,0
34244, 149505164, 149505164208959, -2.6833014, 1.9841946, -0.8050503,0
34250, 149505178, 149505178976771, -2.4019828, 4.685453, 1.0857705,0
34252, 149505198, 149505198986771, -2.8939912, 11.030685, -0.6572084,0
34254, 149505218, 149505218339010, -4.3885717, 19.612701, -5.6018333,0
34258, 149505238, 149505238411198, -8.62152, 16.752829, -6.570288,0
34261, 149505258, 149505258430781, -0.3274071, 13.782821, 3.8414967,0
34265, 149505279, 149505279085989, 5.108628, 14.469956, -4.433463,0
34267, 149505298, 149505298855364, -0.54168814, 14.578294, -3.311181,0
34269, 149505317, 149505317183750, -8.146272, 12.710816, -6.4727244,0
34274, 149505338, 149505338475104, -13.770251, 6.215348, -7.6452847,0
34275, 149505358, 149505358163177, -9.085996, 10.196306, -9.824008,0
34280, 149505377, 149505377791562, 4.4699745, 19.612701, 13.918093,0
34284, 149505400, 149505400240989, 19.612701, 19.612701, 10.532093,0
34291, 149505418, 149505418298958, 7.591415, 8.055291, 5.209184,0
34297, 149505437, 149505437754635, -11.920731, -2.7856536, -6.5870476,0
34300, 149505457, 149505457869739, -15.343841, -2.5605986, -8.137892,0
34305, 149505476, 149505476945833, -13.18846, 10.565014, -10.374675,0
34308, 149505497, 149505497881719, -11.758523, 17.356167, -15.620371,0
34310, 149505517, 149505517806719, -6.0800753, 8.341399, -4.7016134,0
34315, 149505537, 149505537778541, 0.480636, 7.7823524, 0.985214,0
34316, 149505557, 149505557673021, 5.547365, 10.751163, 4.1216183,0
34321, 149505576, 149505576819948, 5.697003, 11.143213, 1.1240777,0
34324, 149505597, 149505597723229, 1.1282675, 9.906608, -2.202067,0
34325, 149505616, 149505616415155, -3.1920695, 9.862315, -6.593033,0
34331, 149505637, 149505637083593, -6.0010667, 8.725668, -6.381745,0
34340, 149505659, 149505659378071, -4.6926355, 7.536947, -4.1132383,0
34346, 149505675, 149505676002862, -1.3545196, 8.392874, -2.058415,0
34348, 149505697, 149505697331458, 1.1426327, 9.61272, 0.27952304,0
34350, 149505716, 149505716668176, 2.0494366, 9.800066, 0.7637503,0
34355, 149505736, 149505736634114, 1.0570401, 9.61691, 0.08080431,0
34357, 149505757, 149505757186926, -0.061650693, 10.217256, -2.794632,0
34363, 149505776, 149505776196197, -1.4718355, 10.90499, -4.8243165,0
34365, 149505797, 149505797124530, -2.5420437, 10.6117, -4.1820717,0
34367, 149505817, 149505817082864, -1.2378023, 10.617087, -3.1052797,0
34372, 149505836, 149505836941353, 0.5422867, 12.263102, -1.7010803,0
34374, 149505856, 149505856865989, 1.3299791, 13.935451, -1.1869255,0
34378, 149505875, 149505875986978, 2.4690206, 14.545973, -1.9219455,0
34380, 149505896, 149505896943489, 3.6846764, 15.119384, -1.9267339,0
34390, 149505916, 149505916222082, 7.435792, 19.612701, -3.37762,0
34395, 149505936, 149505936057760, 10.823587, 19.612701, -4.6441526,0
34398, 149505956, 149505956734895, 14.892533, 17.94514, 0.0700304,0
34403, 149505976, 149505976941926, 6.766014, 8.805275, -3.7379475,0
34406, 149505996, 149505996668905, -0.96665895, 13.619416, -3.6709096,0
34408, 149506016, 149506016820051, -18.335993, 15.336059, -2.0069396,0
34413, 149506036, 149506036565572, -15.009251, 8.832211, -4.173692,0
34414, 149506056, 149506056459322, -10.035895, 3.3782187, -2.6060886,0
34419, 149506075, 149506075704947, -4.4837413, 0.9211691, -0.6344634,0
34421, 149506096, 149506096429218, -1.9081788, -1.91596, 1.774702,0
34423, 149506116, 149506116379895, -2.2266076, -1.4598645, 2.8574798,0
34428, 149506135, 149506135162708, -3.0831332, 1.5412674, 2.5671828,0
34436, 149506156, 149506156804530, -3.1094694, 1.9446903, 3.4087446,0
34440, 149506175, 149506175308124, -2.3666685, 1.412579, 2.5169046,0
34441, 149506193, 149506193903489, -1.287482, 1.6328455, 1.18094,0
34441, 149506215, 149506215592030, -0.61291564, 3.1890767, 0.5117606,0
34443, 149506234, 149506234053228, -0.62488663, 5.419874, -0.8996213,0
34444, 149506254, 149506254263124, -2.2026656, 7.6404963, -1.3509283,0
34447, 149506274, 149506274208072, -5.317522, 11.495759, -2.6749218,0
34448, 149506294, 149506294205833, -15.734694, -2.1769278, -8.428188,0
34458, 149506472, 149506472815781, 19.020138, 19.612701, 5.3887496,0
34472, 149506656, 149506656170520, 3.305794, 10.018537, 2.9508536,0
34494, 149506833, 149506833728489, -0.7128736, 9.925761, -1.7130513,0
34519, 149507018, 149507018408124, 2.722806, 17.181988, -5.096657,0
34542, 149507192, 149507192676144, -2.949058, -1.4203602, -0.53450555,0
34562, 149507372, 149507372121404, -3.091513, 11.91654, -2.7012582,0
34585, 149507551, 149507551700414, -3.3824084, 19.612701, 2.2942438,0
34611, 149507731, 149507731102341, 3.1082723, 7.462128, 3.5063083,0
34634, 149507910, 149507910841247, 2.545635, 9.636064, 0.3226187,0
34650, 149508089, 149508090002393, -1.6298528, 13.608643, -3.7684734,0
34677, 149508269, 149508269669372, -11.76391, 3.1555579, -2.7844565,0
34698, 149508449, 149508449111247, -1.3844471, 3.145981, -0.7218518,0
34719, 149508628, 149508628856976, -10.092757, 10.338761, -2.2798786,0
34745, 149508808, 149508808928799, -2.1613655, 7.9726915, -4.857237,0
34768, 149508987, 149508988032914, 1.4850036, 9.964069, -1.0193313,0
34795, 149509169, 149509169859320, 2.6270378, 12.76708, -2.6952724,0
34815, 149509350, 149509350070257, -15.0822735, 7.6201453, -4.5394063,0
34838, 149509526, 149509526919112, -3.5529952, 0.7404069, -1.6358383,0
34855, 149509705, 149509705106299, -1.7304093, 10.398018, -5.6006365,0
34867, 149509885, 149509885686768, -7.5770497, 10.429741, -13.442844,0
34894, 149510065, 149510065861299, -0.6572084, 9.218874, -1.6998832,0
34923, 149510245, 149510245432810, 3.870227, 12.139201, -0.9487024,0
34949, 149510424, 149510424661508, -7.719505, 16.001648, -1.4131776,0
34969, 149510603, 149510604044372, -4.3436804, 3.5362358, -0.82599956,0
34994, 149510783, 149510783949216, -2.7252002, 14.110228, -3.843891,0
35023, 149510963, 149510963468695, -10.694301, 16.622942, -10.578181,0
35037, 149511142, 149511142113383, -4.797382, 9.427169, -3.558981,0
35048, 149511321, 149511321391091, 2.0883424, 11.546038, -1.412579,0
35064, 149511500, 149511500604788, 0.7553706, 13.777433, -3.056797,0
35073, 149511681, 149511681209840, -4.4681787, 2.5067291, -0.7212533,0
35080, 149511859, 149511859549372, 1.2324153, 17.32983, -8.067862,0
35088, 149512039, 149512039320622, -9.801263, 0.46327803, -9.251195,0
35095, 149512218, 149512218962601, -6.9545574, 8.93576, -5.392939,0
35105, 149512401, 149512401987393, -1.9961656, 11.798027, -3.2573113,0
35125, 149512578, 149512578037809, 8.170812, 10.461464, -4.0132804,0
35139, 149512758, 149512758970049, -3.300407, 2.9652188, 0.093972415,0
35158, 149512938, 149512938118070, -0.61411273, 14.067132, -3.2597055,0
35172, 149513116, 149513116698799, 7.99005, 14.288596, 6.7025676,0
35182, 149513296, 149513296710934, 6.0250087, 11.541848, 0.14544775,0
35189, 149513475, 149513475850673, -1.4377182, 9.469068, -2.259528,0
35198, 149513655, 149513655543277, -1.2623428, 12.91193, -2.8269536,0
35202, 149513835, 149513835770986, -13.651139, 7.8446016, -3.7738605,0
35213, 149514015, 149514015890777, -2.7383683, 4.281431, -0.6500258,0
35221, 149514194, 149514194154580, -1.2210429, 11.756129, -3.506907,0
35228, 149514373, 149514373887913, -10.470443, 11.890204, -12.030265,0
35239, 149514553, 149514553765361, -6.35062, 8.535329, -4.2640734,0
35246, 149514732, 149514732911871, -1.0552444, 11.785458, -3.0340521,0
35254, 149514912, 149514912760413, 3.9031472, 12.129624, -1.7567455,0
35260, 149515092, 149515092308121, -3.791817, 2.947861, 1.1390414,0
35267, 149515271, 149515271516090, 2.0769699, 17.006014, -4.823718,0
35274, 149515451, 149515451311350, -9.458893, 1.0893618, 0.8834604,0
35283, 149515630, 149515630695048, -2.6940753, 8.825027, -3.558981,0
35291, 149515810, 149515810290569, -3.2890346, 10.753557, -5.6616883,0
35297, 149515989, 149515989787860, 9.554062, 19.612701, -2.5157075,0
35305, 149516169, 149516169290255, -1.5682021, -3.244742, -0.29388827,0
35310, 149516348, 149516348824995, -2.7144263, 19.612701, -6.4547677,0
35317, 149516529, 149516529082807, 9.48044, 19.612701, 19.391836,0
35323, 149516707, 149516707966714, 9.26197, 9.606135, 3.4883518,0
35328, 149516887, 149516888020932, 4.496909, 9.381081, 0.38606504,0
35344, 149517067, 149517067412495, 2.6952724, 13.808558, -0.46507367,0
35352, 149517247, 149517247029318, -3.0771477, -0.3800795, -4.1814733,0
35372, 149517428, 149517428341297, -6.0226145, 10.068815, -5.1475334,0
35385, 149517606, 149517606922287, 0.8002619, 13.238738, -1.951873,0
35398, 149517785, 149517785706349, -12.136807, 16.089035, -8.288726,0
35409, 149517965, 149517965615828, -2.6767175, 8.435969, -4.063559,0
35417, 149518145, 149518145245203, -2.8909986, 11.87943, -2.557606,0
35430, 149518324, 149518324277495, 5.677251, 10.551247, -4.5160627,0
35440, 149518504, 149518504034839, -1.8836381, 4.768651, 0.3585317,0
35447, 149518683, 149518683452704, -1.6897079, 15.908872, -3.828927,0
35457, 149518862, 149518862975932, -1.4879963, 1.5628152, -2.4971523,0
35464, 149519042, 149519042375151, -2.319383, 9.774328, -3.6373909,0
35471, 149519222, 149519222520880, -1.6837224, 8.393473, -2.1110873,0
35478, 149519401, 149519401854369, 8.871116, 19.612701, -3.8307228,0
35487, 149519581, 149519581696192, 0.664391, -0.049081136, 2.1158757,0
35496, 149519761, 149519761106869, -7.626131, 11.484387, -4.321534,0
35506, 149519940, 149519940770306, -2.4881742, 13.79958, -2.9783869,0
35519, 149520120, 149520120615150, -0.17836803, 6.8929067, 0.492607,0
35532, 149520300, 149520300186140, 2.6689363, 10.408194, -0.4165911,0
35548, 149520479, 149520479833900, -1.1947067, 12.91193, -1.2455834,0
35559, 149520658, 149520658795150, -16.75223, 16.02499, 1.0755951,0
35565, 149520838, 149520838338015, -2.8377275, 2.8694508, 0.7020996,0
35572, 149521018, 149521018086921, -9.126697, 11.118672, -5.218761,0
35580, 149521197, 149521197495150, -10.056845, 12.273276, -9.252393,0
35585, 149521377, 149521377158325, -4.7189717, 8.620922, -3.5523968,0
35601, 149521561, 149521561581191, -2.8275523, 11.601703, -4.0946836,0
35609, 149521736, 149521736299993, 9.109339, 12.718598, -3.3105824,0
35618, 149521915, 149521915980201, -2.7898436, 4.280833, 1.7986441,0
35625, 149522096, 149522096916139, 0.89064306, 15.804724, 0.96426475,0
35633, 149522275, 149522275801451, 10.524312, 18.105553, 6.8557963,0
35652, 149522455, 149522455031608, 5.5377884, 9.721656, 2.4917655,0
35664, 149522635, 149522635179368, 2.7874494, 10.536881, -0.99658644,0
35681, 149522816, 149522816718170, 0.599149, 10.127473, -2.2409728,0
35702, 149522993, 149522993668014, 6.766014, 13.421296, 0.724246,0
35716, 149523175, 149523175898535, -1.7926586, -2.0895395, 7.61416,0
35726, 149523352, 149523352696816, -2.9502552, 11.124659, 3.3249476,0
35739, 149523532, 149523532278848, 3.1848867, 8.036138, 4.3287168,0
35749, 149523712, 149523712645358, 1.3156139, 8.932168, 0.84335756,0
35763, 149523892, 149523892376295, -0.5153519, 9.199121, -0.830788,0
35781, 149524070, 149524070723221, -0.52612585, 12.633604, -0.878672,0
35795, 149524250, 149524250732231, 1.4065934, 10.475231, -1.5873557,0
35811, 149524431, 149524431778274, 0.3453636, 10.019734, -1.1282675,0
35822, 149524609, 149524609777648, -0.19931729, 9.75697, -1.2090719,0
35842, 149524791, 149524791322700, -1.5466543, 8.884284, -1.0690111,0
35867, 149524971, 149524971261398, -0.83497787, 9.3738985, -1.009156,0
35886, 149525151, 149525151619419, 0.10055647, 10.760739, -0.85652566,0
35906, 149525330, 149525330077491, -1.049259, 10.171766, -0.6901286,0
35931, 149525511, 149525511688950, -0.86251116, 9.922769, -0.7727286,0
35962, 149525688, 149525688235980, -1.3138182, 9.944317, -0.84335756,0
35997, 149525867, 149525868006918, -0.8158242, 9.350554, -0.87089086,0
36070, 149526065, 149526065311241, -0.6913257, 9.87668, -0.56563014,0
36105, 149526226, 149526226251085, -0.7703344, 9.803059, -0.6679823,0
36124, 149526405, 149526405995772, -0.6087258, 9.816227, -0.74878657,0
36139, 149526586, 149526586649783, -0.5602432, 10.070012, -0.5919664,0
36159, 149526765, 149526765579158, 0.09935937, 8.248025, -0.5033809,0
36182, 149526945, 149526945651554, -0.7787141, 10.212467, -0.9876082,0
36200, 149527124, 149527124392648, -0.25977087, 9.4535055, -0.45789108,0
36247, 149527308, 149527308180928, -0.6206968, 10.048465, -0.5009867,0
36274, 149527484, 149527484055877, -0.9624691, 9.973047, -0.41299978,0
36285, 149527662, 149527662318898, -0.4938041, 9.9473095, -0.45729253,0
36297, 149527846, 149527846431033, -0.712275, 9.671976, -0.5231331,0
36313, 149528026, 149528026984053, -0.7308301, 9.901819, -0.5386954,0
36345, 149528203, 149528203201033, -0.6512229, 9.779117, -0.46028528,0
36367, 149528380, 149528380743272, -0.92775315, 10.41777, -0.35913026,0
36389, 149528560, 149528560525199, -0.4237737, 9.704897, -0.5847838,0
36418, 149528741, 149528741151188, -0.83018947, 9.873089, -0.58657944,0
36454, 149528921, 149528921310095, -0.47644615, 9.752182, -0.52971715,0
36476, 149529099, 149529099675668, -0.82121116, 9.861717, -0.6183026,0
36506, 149529279, 149529279128583, -0.35075054, 9.687539, -0.427365,0
36542, 149529459, 149529459056188, -0.41060558, 9.592968, -0.4429273,0
36569, 149529639, 149529639525354, -0.7212533, 9.902418, -0.59974754,0
36599, 149529817, 149529817677542, -0.41000703, 9.914988, -0.32321724,0
36637, 149530002, 149530002775147, -0.16160862, 9.329007, -0.22385786,0
36668, 149530183, 149530183135563, -0.6123171, 9.753379, -0.5291186,0
36683, 149530356, 149530356117282, -0.52373165, 9.7863, -0.70509243,0
36696, 149530535, 149530535241501, 0.29867667, 9.238028, -0.9923966,0
36712, 149530714, 149530714692542, -0.25019407, 9.617508, -0.29029694,0
36729, 149530895, 149530895030511, -0.57400984, 9.695918, -0.6805518,0
36745, 149531075, 149531075836188, -0.40043023, 10.073604, -0.7565677,0
36771, 149531254, 149531254431657, -0.6278794, 9.797073, -0.5279215,0
36803, 149531434, 149531435038219, -0.44113165, 9.845556, -0.52732295,0
36824, 149531614, 149531614969053, -0.65182143, 9.759365, -0.58538234,0
36856, 149531793, 149531793387699, -0.09636662, 9.691729, -0.46986207,0
36875, 149531974, 149531974648948, -0.75237787, 9.968858, -0.78649527,0
36897, 149532152, 149532152961552, -0.41359833, 9.318831, -0.18375498,0
36938, 149532333, 149532333100406, -0.20470424, 9.615114, -0.47524905,0
36967, 149532516, 149532517042177, -0.25558102, 9.886856, -0.30526072,0
37001, 149532693, 149532693140666, -0.3274071, 9.81084, -0.7104794,0
37023, 149532872, 149532872969312, -1.6035166, 9.904214, -1.271321,0
37060, 149533050, 149533050088374, 0.19931729, 9.937733, -0.55126494,0
37086, 149533229, 149533229757593, -0.8182184, 9.469068, -0.8230068,0
37100, 149533408, 149533408839989, -0.878672, 9.048885, -3.1669302,0
37106, 149533587, 149533587781708, -1.2300211, 9.320627, -2.2750902,0
37116, 149533767, 149533767299989, 0.019752163, 9.958682, -0.7715315,0
37128, 149533947, 149533947059364, -2.2014685, 10.483012, -3.2650926,0
37134, 149534126, 149534126990301, 2.8682537, 10.475829, -0.3866636,0
37148, 149534306, 149534306339572, -3.6475663, 11.077373, -0.6787562,0
37155, 149534487, 149534487075299, -0.5554548, 13.233352, -3.6948519,0
37165, 149534665, 149534665192697, -0.05327099, 9.752182, 0.39324763,0
37173, 149534845, 149534845459311, 0.4249708, 10.283695, 0.3226187,0
37183, 149535024, 149535024383530, -0.931943, 10.110714, -1.2156559,0
37192, 149535204, 149535205012905, 1.0444705, 10.685921, -1.2204443,0
37199, 149535384, 149535384432957, 1.654992, 8.416218, 0.29927522,0
37208, 149535565, 149535565397384, 0.44532153, 9.960478, -0.63087213,0
37221, 149535758, 149535758912696, -0.61650693, 8.941146, 0.4441244,0
37230, 149535923, 149535923537072, -0.36032736, 9.735423, -0.4381389,0
37234, 149536102, 149536102534936, -1.3988123, 10.014946, 0.0077811554,0
37238, 149536281, 149536281705197, 0.34476504, 9.244612, 0.20231004,0
37244, 149536461, 149536461710718, 0.08678981, 9.903017, 0.55006784,0
37247, 149536640, 149536640905404, 0.45789108, 9.957485, -0.38606504,0
37251, 149536820, 149536820669206, 0.219668, 10.05864, -0.24480712,0
37255, 149537000, 149537000212227, 0.17417817, 9.755774, 0.25258827,0
37261, 149537181, 149537181176081, 3.6727054, 10.477027, -0.22325931,0
37266, 149537360, 149537360079414, 0.5883751, 9.271546, -1.0109516,0
37271, 149537539, 149537539148372, 1.6095021, 10.310031, -0.08200141,0
37279, 149537718, 149537718799883, 0.65780693, 9.863512, -1.4030021,0
37285, 149537902, 149537902471029, 2.556409, 9.155427, 0.94810385,0
37289, 149538081, 149538081955873, 4.643554, 10.416573, 0.60693014,0
37289, 149538082, 149538082187279, 4.643554, 10.416573, 0.60693014,0
37289, 149538082, 149538082354883, 4.643554, 10.416573, 0.60693014,0
37289, 149538082, 149538082515248, 4.643554, 10.416573, 0.60693014,0
37290, 149538082, 149538082682644, 4.643554, 10.416573, 0.60693014,0
37290, 149538082, 149538082868477, 4.643554, 10.416573, 0.60693014,0
37290, 149538083, 149538083033894, 4.643554, 10.416573, 0.60693014,0
37290, 149538083, 149538083201133, 4.643554, 10.416573, 0.60693014,0
37290, 149538083, 149538083367852, 5.097854, 10.8595, 1.5682021,0
37291, 149538098, 149538098569101, 5.7359085, 10.144233, 3.5655649,0
37293, 149538117, 149538117277643, 8.101978, 10.432734, 2.0153193,0
37293, 149538137, 149538137415195, 10.180145, 11.774684, 3.3680432,0
37296, 149538157, 149538157485664, 9.280524, 12.367847, -0.9923966,0
37297, 149538177, 149538177380508, 7.447763, 11.177331, 3.196858,0
37298, 149538197, 149538197383164, 7.28795, 11.398794, 4.2461166,0
37301, 149538217, 149538217639622, 8.342596, 13.260884, 1.8357542,0
37302, 149538237, 149538237729049, 7.2646065, 11.361086, 3.181894,0
37304, 149538257, 149538257835091, 10.023924, 12.521675, 10.999561,0
37307, 149538277, 149538277969049, 6.4128695, 11.771691, 3.8815994,0
37309, 149538298, 149538298076497, 8.6496525, 14.392145, -2.9508536,0
37310, 149538317, 149538317741497, 0.5859809, 8.098388, 4.325125,0
37313, 149538337, 149538337815091, -0.6422446, 10.83077, 5.1660886,0
37315, 149538357, 149538357574206, 4.358644, 14.450803, 5.7400985,0
37316, 149538377, 149538377623268, 1.7914615, 10.676344, 5.1050367,0
37319, 149538397, 149538397766393, 2.710835, 8.095993, 3.321955,0
37322, 149538417, 149538417272956, 1.6657659, 2.7994204, -2.8078,0
37323, 149538437, 149538437155977, 3.7972038, 6.7001734, 2.8323407,0
37325, 149538457, 149538457111237, 3.328539, 11.919533, 2.0272903,0
37325, 149538476, 149538476938112, 6.135142, 14.320917, -1.2018893,0
37326, 149538496, 149538496697122, 8.682572, 17.667414, -2.835932,0
37327, 149538516, 149538516592852, 6.1022215, 11.733982, 1.3132197,0
37327, 149538536, 149538536597643, 2.134431, 8.810063, 7.9553337,0
37328, 149538556, 149538556599570, 4.5723267, 12.962807, 6.0130377,0
37329, 149538576, 149538576485404, 6.1423244, 14.138958, 4.672883,0
37329, 149538596, 149538596300404, 3.9755719, 12.94485, 8.174403,0
37330, 149538616, 149538616426497, 3.9516299, 12.719795, 0.6596026,0
37331, 149538636, 149538636229258, 1.6053122, 11.689092, 14.128184,0
37332, 149538656, 149538656221393, 3.5847185, 11.115082, 11.894394,0
37333, 149538676, 149538676939414, -0.8343793, 13.558364, 19.612701,0
37334, 149538696, 149538696339883, -2.6563668, 6.2674217, -2.8281507,0
37334, 149538716, 149538716528477, -0.18974048, 4.209007, -1.0414777,0
37335, 149538736, 149538736139987, -2.6611552, 4.07553, 4.2161894,0
37336, 149538755, 149538755870456, -4.900931, 1.8776526, 2.4319103,0
37336, 149538775, 149538775849050, -4.509479, -1.5388732, 8.088212,0
37337, 149538796, 149538796974362, -2.231396, 0.74399817, 11.042058,0
37338, 149538815, 149538815810352, -3.8666358, -0.28191724, 7.953538,0
37338, 149538836, 149538836153581, -4.0773253, -1.328782, 8.675988,0
37339, 149538856, 149538856825091, -2.7934349, -1.5370775, 7.536947,0
37340, 149538876, 149538876234622, -1.0426749, -0.48003745, 6.823475,0
37341, 149538896, 149538896219883, -1.3664906, 0.010175358, 8.950125,0
37342, 149538915, 149538915718425, -1.359308, -1.1258733, 10.786477,0
37343, 149538935, 149538935587331, -1.7603368, -2.3127987, 8.523358,0
37344, 149538957, 149538957337747, -1.785476, -2.1948843, 7.2729864,0
37345, 149538975, 149538975686393, -0.53689975, -0.7577648, 7.221511,0
37345, 149538995, 149538995353373, -0.48003745, 0.05925649, 6.611588,0
37346, 149539015, 149539015504466, -0.6476316, -0.7206547, 6.1979895,0
37347, 149539035, 149539035688581, -1.1079168, -1.3066356, 7.4136457,0
37347, 149539055, 149539055545612, -1.2096704, -1.6741456, 6.857592,0
37348, 149539075, 149539075526289, -0.78529817, -1.3862427, 2.7042508,0
37349, 149539095, 149539095151445, 0.20530279, 2.099715, 7.167641,0
37350, 149539115, 149539115113268, 0.44472298, 2.771887, 8.716091,0
37350, 149539138, 149539138749310, 0.90261406, 3.221997, 8.115746,0
37352, 149539155, 149539155237070, 0.29269117, 2.7114334, 8.34499,0
37354, 149539181, 149539181949102, 0.09935937, 2.6874914, 7.4723034,0
37354, 149539194, 149539194872331, 0.42437226, 3.5859156, 6.278794,0
37355, 149539214, 149539214625091, -0.7290344, 3.3123782, 6.0441623,0
37356, 149539234, 149539234560820, -0.41299978, 3.3201592, 6.959346,0
37357, 149539254, 149539254672695, -0.770933, 3.357868, 9.415198,0
37357, 149539274, 149539274617748, -0.6039374, 2.5121162, 11.838729,0
37359, 149539294, 149539294740300, -0.09876082, 3.4446578, 9.975441,0
37359, 149539315, 149539315064154, 0.6278794, 4.268263, 7.685986,0
37360, 149539334, 149539334950873, -1.6657659, 3.5595794, 6.588843,0
37361, 149539355, 149539355500039, -0.825401, 1.8848352, 6.569091,0
37362, 149539377, 149539377557226, -0.10175357, 1.7525556, 6.254852,0
37363, 149539395, 149539395688789, 0.5057751, 3.086126, 6.1369376,0
37366, 149539415, 149539415254883, 1.0450691, 3.6870706, 6.8785415,0
37367, 149539435, 149539435910456, 1.1797429, 8.042722, 7.2687964,0
37370, 149539454, 149539455021029, 0.86729956, 7.5722613, 11.624448,0
37372, 149539475, 149539475049310, 0.50637364, 4.1060557, 8.774151,0
37374, 149539495, 149539495193164, 1.1899183, 4.482544, 8.2995,0
37375, 149539514, 149539514844102, 1.0600328, 3.5422213, 7.483676,0
37376, 149539534, 149539534490143, 0.34596214, 4.076727, 8.375516,0
37378, 149539555, 149539555976654, 0.39983168, 4.349067, 9.383475,0
37379, 149539574, 149539574535456, 1.1180922, 5.318719, 9.683948,0
37380, 149539594, 149539594354206, 0.29628247, 5.8244944, 7.9128366,0
37381, 149539614, 149539614067956, 0.11432313, 4.6405616, 7.08145,0
37382, 149539633, 149539633964362, 1.5753847, 5.08289, 8.350976,0
37386, 149539656, 149539656987070, 1.115698, 4.4502225, 8.962095,0
37387, 149539679, 149539679980664, 0.8762778, 6.220136, 7.828441,0
37388, 149539694, 149539694828840, 0.13946225, 6.1489086, 6.405687,0
37388, 149539713, 149539713678372, 0.3728969, 5.8879404, 7.5028296,0
37389, 149539733, 149539733470974, 1.1073183, 6.7869635, 7.482479,0
37390, 149539753, 149539753492850, 1.3305776, 7.4693108, 6.593033,0
37391, 149539773, 149539773588268, 0.110133275, 6.931214, 7.551312,0
37391, 149539793, 149539793450195, -1.6801311, 5.759252, 8.81964,0
37392, 149539813, 149539813343268, -1.7902644, 5.919065, 7.8954787,0
37393, 149539833, 149539833258893, -0.15143326, 7.815273, 7.5686703,0
37393, 149539853, 149539853224101, 1.2749124, 7.418434, 6.223129,0
37395, 149539873, 149539873074049, 0.076015905, 6.2991447, 6.727707,0
37395, 149539893, 149539893159205, -1.4616601, 5.8771667, 7.7889366,0
37397, 149539913, 149539913990299, -1.6645688, 5.931635, 7.7823524,0
37398, 149539933, 149539933278632, -1.951873, 5.2624555, 7.041347,0
37399, 149539953, 149539953087851, -1.881244, 6.047155, 6.1979895,0
37401, 149539974, 149539974108215, -1.0139444, 7.3777328, 3.643975,0
37402, 149539992, 149539992968059, -1.2623428, 6.6786256, 3.0699651,0
37402, 149540012, 149540012848268, -3.1800983, 5.708974, 2.791639,0
37404, 149540032, 149540033007695, -3.3135753, 6.955156, 6.3763576,0
37405, 149540052, 149540052752174, -1.496376, 6.9210386, 7.827842,0
37405, 149540073, 149540073217018, -0.59136784, 7.223905, 5.379771,0
37406, 149540092, 149540093387330, 0.6859388, 8.367735, 3.970185,0
37407, 149540112, 149540112772486, 0.18674773, 8.628104, 3.900753,0
37408, 149540133, 149540133148580, -0.7068881, 8.161834, 6.4110737,0
37410, 149540152, 149540152854882, -0.6512229, 7.076063, 7.8703394,0
37411, 149540173, 149540173345143, -0.6560113, 6.153697, 6.8079123,0
37412, 149540193, 149540193594309, -0.08020575, 6.7654157, 5.946,0
37415, 149540213, 149540213097070, -0.1340753, 7.0844426, 6.487688,0
37416, 149540233, 149540233769674, -0.53091425, 7.4208283, 7.3328414,0
37419, 149540253, 149540253788007, -0.48003745, 6.9024835, 7.080253,0
37421, 149540273, 149540273426965, -0.58657944, 6.9467764, 6.831256,0
37422, 149540293, 149540293449465, -1.0857705, 6.9826894, 6.821679,0
37424, 149540313, 149540313383059, -1.3563153, 6.8492126, 7.1395097,0
37426, 149540332, 149540332852382, -1.5053543, 6.332065, 6.6606693,0
37427, 149540352, 149540352931757, -0.8924387, 6.699575, 6.269217,0
37428, 149540372, 149540372828788, -1.1534066, 6.7229185, 7.530363,0
37431, 149540392, 149540392467747, -1.9267339, 6.330868, 8.988432,0
37433, 149540412, 149540412592226, -1.3976152, 6.613982, 9.030331,0
37435, 149540432, 149540432906913, -1.335366, 6.991069, 7.429208,0
37438, 149540452, 149540452755143, -1.0348936, 6.882133, 6.9383965,0
37439, 149540472, 149540472451705, -1.2958617, 6.7719994, 7.185598,0
37440, 149540492, 149540492741497, -1.5729905, 6.67683, 8.0445175,0
37442, 149540512, 149540512862278, -2.0757728, 6.8581905, 8.228871,0
37444, 149540532, 149540532369622, -1.4407109, 7.255628, 7.1221514,0
37445, 149540552, 149540552449570, -0.8170213, 7.511808, 6.289568,0
37447, 149540572, 149540572572486, -0.36511576, 7.4645224, 6.39611,0
37449, 149540592, 149540592900195, -0.57520694, 7.291541, 5.9651537,0
37450, 149540612, 149540612585559, -0.60573304, 7.4070616, 6.019023,0
37453, 149540631, 149540631892434, -1.7926586, 7.5950065, 5.5096564,0
37455, 149540651, 149540651951705, -1.7794905, 7.383718, 5.6066217,0
37455, 149540673, 149540673536393, -1.7058687, 7.2101383, 6.2099605,0
37457, 149540692, 149540692185820, -1.3227965, 7.0994067, 7.2867527,0
37457, 149540711, 149540711996184, -0.92176765, 7.253234, 7.1748238,0
37458, 149540731, 149540731569466, -1.3946224, 7.392098, 6.3991027,0
37459, 149540751, 149540751117382, -1.8393455, 7.469909, 6.2141504,0
37460, 149540771, 149540771123007, -2.1134815, 7.3909006, 5.875371,0
37460, 149540791, 149540791178163, -1.6986861, 7.277775, 6.447585,0
37461, 149540811, 149540811029569, -1.5275006, 7.1311297, 7.255628,0
37461, 149540830, 149540830986079, -1.4413095, 7.3244615, 7.119757,0
37462, 149540851, 149540851121288, -1.4281414, 7.3029137, 6.8144965,0
37463, 149540871, 149540871599361, -1.5592239, 6.9569516, 6.5128274,0
37464, 149540891, 149540891179882, -1.4520833, 7.08564, 6.3889275,0
37466, 149540911, 149540911214257, -1.3856442, 7.1610575, 5.9759274,0
37470, 149540931, 149540932036549, -1.4371196, 7.185598, 6.4751186,0
37472, 149540952, 149540952390299, -1.4371196, 6.76781, 6.955156,0
37474, 149540972, 149540972298841, -1.6980876, 7.1460934, 7.195773,0
37477, 149540992, 149540992566497, -1.6705543, 7.361572, 6.4643445,0
37479, 149541012, 149541013031288, -1.3706805, 7.20535, 6.3703723,0
37481, 149541031, 149541031832591, -1.2252327, 6.872556, 6.6905966,0
37484, 149541052, 149541052200872, -1.2509704, 7.065289, 6.101623,0
37486, 149541071, 149541071511236, -1.3096284, 5.495291, 5.8466406,0
37488, 149541091, 149541091087590, -1.8118122, 7.33344, 7.502231,0
37491, 149541110, 149541110966704, -1.3730747, 8.090008, 5.9501896,0
37493, 149541130, 149541131032746, -0.51954174, 7.4525514, 5.379173,0
37496, 149541150, 149541150914517, -0.7422025, 8.116942, 5.495291,0
37500, 149541171, 149541171543007, -1.970428, 8.347384, 6.464943,0
37502, 149541191, 149541191517903, -2.2218192, 7.4004774, 7.240066,0
37504, 149541210, 149541210986861, -2.172738, 7.5668745, 6.2368956,0
37507, 149541230, 149541230727642, -1.5304934, 7.574057, 6.1399302,0
37509, 149541250, 149541250686965, -1.3335704, 7.6165543, 6.8222775,0
37510, 149541270, 149541270519777, -1.7375919, 7.671621, 7.03177,0
37513, 149541290, 149541290445663, -1.323395, 6.787562, 8.06427,0
37515, 149541311, 149541311631705, 0.08798691, 6.597223, 7.9427643,0
37516, 149541329, 149541329861132, 0.0053869537, 7.3286514, 7.006033,0
37517, 149541349, 149541349690871, -0.2837129, 7.1431007, 5.923255,0
37523, 149541668, 149541668044048, -1.3617022, 7.0826473, 7.820061,0
37527, 149541718, 149541718193944, -1.0869676, 7.123947, 6.015432,0
37534, 149541888, 149541888467173, -1.6208745, 7.185598, 6.971317,0
37540, 149542068, 149542068507694, -1.4305356, 7.1664443, 6.202778,0
37551, 149542247, 149542247165611, -1.3204023, 7.089231, 6.7809777,0
37559, 149542427, 149542427395402, -1.7130513, 7.177218, 7.0952168,0
37564, 149542606, 149542606927589, -1.459266, 7.207744, 6.0465565,0
37574, 149542785, 149542785913006, 2.3259668, 8.178593, 11.286267,0
37583, 149542965, 149542965800141, -0.9576807, 7.052121, 7.809886,0
37588, 149543146, 149543146502433, -1.2791022, 7.091027, 6.049549,0
37597, 149543324, 149543324931860, -2.1547816, 7.454347, 6.293159,0
37605, 149543504, 149543504101756, 0.18974048, 6.206968, 7.475296,0
37614, 149543683, 149543683934100, -1.3395559, 6.7492547, 6.8438253,0
37623, 149543863, 149543863632433, -0.8499416, 6.9425864, 6.6546836,0
37636, 149544042, 149544042863787, -0.6925228, 6.7624226, 6.0681043,0
37648, 149544277, 149544277492068, -1.417966, 6.909666, 6.326678,0
37656, 149544402, 149544402336392, -0.6075287, 7.03596, 6.326678,0
37666, 149544581, 149544581924673, 1.0827777, 7.8667483, 7.4567413,0
37674, 149544761, 149544761272537, -1.42455, 7.9511437, 6.047155,0
37688, 149544940, 149544941009827, -1.2982559, 7.81647, 5.8628016,0
