2058,550995757,5.50996E+14,-0.14903906,3.7942111,8.793304,0
2077,550995923,5.50996E+14,0.024540568,3.8097734,9.148843,0
2091,550996102,5.50996E+14,0.18854338,3.965995,8.871116,0
2105,550996283,5.50996E+14,0.07182605,4.0797195,9.220071,0
2122,550996466,5.50996E+14,0.87328506,5.4911017,8.951322,0
2133,550996643,5.50997E+14,-0.21308395,6.70556,6.7384806,0
2144,550996823,5.50997E+14,-1.0935516,5.3444567,7.265804,0
2159,550997005,5.50997E+14,0.5410896,5.85921,9.472659,0
2170,550997179,5.50997E+14,4.3688197,4.1820717,10.770316,0
2174,550997360,5.50997E+14,0.557849,4.753089,7.233482,0
2183,550997539,5.50998E+14,1.0289081,6.0980315,9.113529,0
2203,550997723,5.50998E+14,-0.92535895,3.4823663,10.5045595,0
2213,550997900,5.50998E+14,-0.16579847,2.9311013,6.685808,0
2225,550998113,5.50998E+14,1.3030443,5.6551046,8.81964,0
2238,550998259,5.50998E+14,1.1228806,5.763442,11.252748,0
2251,550998440,5.50998E+14,1.0755951,4.505289,6.669049,0
2265,550998619,5.50999E+14,0.18555063,4.981735,7.2430587,0
2285,550998798,5.50999E+14,-1.3413515,5.183447,10.253169,0
2295,550998982,5.50999E+14,-0.99299514,2.873042,8.395268,0
2303,550999164,5.50999E+14,0.23523031,3.4835634,8.510789,0
2312,550999336,5.50999E+14,0.587178,4.0641575,9.69951,0
2322,550999515,5.51E+14,-0.75836337,2.087744,9.247005,0
2334,550999711,5.51E+14,0.44113165,4.618415,6.3584013,0
2340,550999877,5.51E+14,-1.5783775,4.8733974,11.52868,0
2347,551000053,5.51E+14,-0.31124622,2.734777,8.161834,0
2348,551000053,5.51E+14,-0.31124622,2.734777,8.161834,0
2348,551000053,5.51E+14,-0.31124622,2.734777,8.161834,0
2348,551000054,5.51E+14,-0.31124622,2.734777,8.161834,0
2348,551000054,5.51E+14,-0.31124622,2.734777,8.161834,0
2348,551000054,5.51E+14,-0.31124622,2.734777,8.161834,0
2349,551000054,5.51E+14,-0.31124622,2.734777,8.161834,0
2349,551000055,5.51E+14,-0.31124622,2.734777,8.161834,0
2349,551000055,5.51E+14,-0.12150574,3.3291376,6.522404,0
2350,551000072,5.51E+14,0.28311434,3.6619315,6.063316,0
2350,551000092,5.51E+14,0.7679402,3.6355953,6.25964,0
2351,551000112,5.51E+14,1.0480618,3.235165,6.431424,0
2355,551000175,5.51E+14,1.0217255,3.063381,6.3524156,0
2355,551000175,5.51E+14,1.1563994,3.17531,6.289568,0
2355,551000175,5.51E+14,1.0959458,3.0621839,6.0699,0
2357,551000192,5.51E+14,1.0109516,3.0532057,5.729325,0
2359,551000212,5.51E+14,1.0869676,3.2441432,5.4671597,0
2359,551000232,5.51E+14,1.0995371,3.6721067,5.4683566,0
2361,551000252,5.51E+14,1.2425907,4.211401,5.887342,0
2361,551000272,5.51E+14,1.1976994,4.4538136,6.2129536,0
2362,551000292,5.51E+14,0.7918822,4.425682,6.679224,0
2363,551000312,5.51E+14,0.7188591,4.5382094,7.5255747,0
2364,551000332,5.51E+14,1.0366893,4.666898,8.428188,0
2366,551000357,5.51E+14,1.4215573,4.253299,9.2787285,0
2367,551000372,5.51E+14,1.5688007,3.8893807,11.099519,0
2367,551000392,5.51E+14,1.4341269,3.526659,13.699023,0
2369,551000413,5.51E+14,0.74998367,3.1477766,14.98471,0
2370,551000432,5.51E+14,0.31184477,3.0585926,14.89792,0
2379,551000455,5.51E+14,-0.1933318,3.4446578,15.029002,0
2380,551000472,5.51E+14,-0.4866215,3.5182793,14.673464,0
2382,551000496,5.51E+14,-0.6787562,2.9735985,14.890139,0
2383,551000511,5.51001E+14,-1.0085574,2.202067,14.659697,0
2383,551000531,5.51001E+14,-1.2785037,1.5005659,13.296798,0
2384,551000551,5.51001E+14,-1.666963,1.0660183,11.713632,0
2385,551000571,5.51001E+14,-1.8183962,1.0588357,10.153211,0
2386,551000593,5.51001E+14,-1.6316484,1.2940661,8.477868,0
2389,551000612,5.51001E+14,-1.2336124,1.6106992,7.603985,0
2390,551000632,5.51001E+14,-0.6428431,1.9818004,7.418434,0
2392,551000651,5.51001E+14,-0.35434186,2.046444,7.2873516,0
2393,551000671,5.51001E+14,-0.40282443,1.6627731,6.827066,0
2394,551000691,5.51001E+14,-0.57161564,1.4640543,5.973533,0
2397,551000711,5.51001E+14,-0.44711718,1.7262194,5.407305,0
2397,551000731,5.51001E+14,-0.031124622,2.4235306,5.2941785,0
2399,551000751,5.51001E+14,0.59855044,3.328539,5.327099,0
2400,551000776,5.51001E+14,0.9696517,3.9001546,5.45878,0
2401,551000791,5.51001E+14,0.8726865,3.9031472,5.5802855,0
2402,551000811,5.51001E+14,0.32202014,3.788824,5.671265,0
2403,551000831,5.51001E+14,-0.56443304,3.9438488,6.1411276,0
2404,551000850,5.51001E+14,-1.359308,4.1174283,7.2514386,0
2405,551000870,5.51001E+14,-1.7471687,3.839701,8.517372,0
2405,551000891,5.51001E+14,-1.8602947,3.58412,9.46847,0
2407,551000911,5.51001E+14,-1.5771804,3.9911342,10.939706,0
2408,551000930,5.51001E+14,-0.9744401,4.8757915,12.396578,0
2411,551000951,5.51001E+14,-1.0205284,5.269039,13.788806,0
2411,551000970,5.51001E+14,-1.3365631,5.501277,14.505271,0
2412,551000990,5.51001E+14,-1.276708,5.4857144,14.3813715,0
2413,551001010,5.51001E+14,-0.7212533,5.3420625,14.843452,0
2414,551001030,5.51001E+14,-0.20171149,4.8494554,15.759832,0
2416,551001051,5.51001E+14,-0.005386954,3.7696705,16.190788,0
2417,551001071,5.51001E+14,-0.19752164,2.6168625,15.1696615,0
2418,551001090,5.51001E+14,-0.45549688,1.8626889,13.161526,0
2419,551001111,5.51001E+14,-0.56323594,1.7399861,10.307637,0
2419,551001130,5.51001E+14,-0.46806642,1.8644845,7.471705,0
2421,551001150,5.51001E+14,-0.3333926,2.1643584,6.0728927,0
2421,551001174,5.51001E+14,-0.08080431,2.2637177,5.761048,0
2423,551001190,5.51001E+14,0.014963761,1.9955671,5.8346696,0
2425,551001210,5.51001E+14,-0.049081136,1.6663644,5.4007206,0
2425,551001230,5.51001E+14,-0.31603462,1.6250644,4.9655743,0
2426,551001251,5.51001E+14,-0.55964464,1.9231426,4.4274774,0
2427,551001275,5.51001E+14,-0.7332243,2.2056582,4.2173862,0
2428,551001289,5.51001E+14,-0.8218097,2.2152352,4.299388,0
2429,551001310,5.51001E+14,-0.931943,2.2008698,4.685453,0
2430,551001329,5.51001E+14,-0.7433996,2.3139958,5.08708,0
2432,551001349,5.51001E+14,-0.7032967,2.6551697,5.57849,0
2433,551001369,5.51001E+14,-0.53929394,3.1771057,6.0184245,0
2434,551001389,5.51001E+14,-0.46866497,3.5733461,6.63134,0
2435,551001411,5.51001E+14,-0.34117374,3.5535939,7.5692687,0
2435,551001429,5.51001E+14,-0.13946225,3.7140055,8.98484,0
2439,551001449,5.51001E+14,0.56802434,4.158728,11.532869,0
2439,551001469,5.51001E+14,2.1709423,4.2760444,15.50066,0
2440,551001489,5.51001E+14,2.882619,4.132392,18.431763,0
2441,551001510,5.51002E+14,2.1140802,3.9414546,18.425776,0
2441,551001529,5.51002E+14,1.3401544,3.6290112,17.195156,0
2443,551001549,5.51002E+14,0.49919105,3.244742,16.067488,0
2443,551001569,5.51002E+14,0.15442601,2.8927941,14.268844,0
2444,551001589,5.51002E+14,5.99E-04,2.7485435,12.635998,0
2445,551001609,5.51002E+14,0.15382746,2.6868927,11.674128,0
2445,551001629,5.51002E+14,0.20530279,2.207454,11.038467,0
2446,551001648,5.51002E+14,0.05746084,1.7100586,10.275913,0
2447,551001669,5.51002E+14,-0.3274071,1.3557167,9.339182,0
2448,551001688,5.51002E+14,-0.61650693,1.2300211,8.437765,0
2450,551001709,5.51002E+14,-0.8595184,1.1773487,7.409456,0
2451,551001728,5.51002E+14,-1.049259,1.1510124,6.3781533,0
2452,551001748,5.51002E+14,-1.2318168,1.2024878,5.707777,0
2452,551001768,5.51002E+14,-1.1569979,1.2491747,4.6561236,0
2453,551001788,5.51002E+14,-1.1174936,1.4903905,4.1132383,0
2454,551001809,5.51002E+14,-0.75596917,2.2427685,3.9366663,0
2456,551001830,5.51002E+14,-0.24540567,3.0771477,4.120421,0
2460,551001851,5.51002E+14,0.17058687,3.7966053,4.569334,0
2462,551001870,5.51002E+14,0.30226797,4.006098,4.9919105,0
2466,551001901,5.51002E+14,0.35254622,4.197036,5.3354783,0
2467,551001911,5.51002E+14,0.0676362,4.3873744,5.542577,0
2468,551001929,5.51002E+14,-0.35434186,4.2102036,6.2542534,0
2476,551001962,5.51002E+14,-0.7739257,4.0539823,6.9820905,0
2477,551001969,5.51002E+14,-0.770933,4.3646297,8.337808,0
2478,551002010,5.51002E+14,-0.7146692,4.5842977,10.290877,0
2479,551002010,5.51002E+14,-0.85772276,4.780622,11.910555,0
2480,551002031,5.51002E+14,-1.5029601,4.8027687,12.750919,0
2481,551002048,5.51002E+14,-2.0512323,4.8374844,12.914324,0
2481,551002069,5.51002E+14,-2.5863364,5.201403,13.232154,0
2483,551002091,5.51002E+14,-2.119467,5.639542,14.110228,0
2484,551002109,5.51002E+14,-1.2862848,5.6269727,15.10861,0
2487,551002129,5.51002E+14,-0.40162733,4.9146976,16.074072,0
2487,551002148,5.51002E+14,-0.12689269,3.4272997,16.550518,0
2488,551002168,5.51002E+14,-0.41479546,1.6795325,16.045341,0
2490,551002189,5.51002E+14,-1.2012907,0.22325931,14.138958,0
2492,551002211,5.51002E+14,-1.8800468,-0.023343466,10.317812,0
2494,551002230,5.51002E+14,-1.9434932,0.44771573,8.069656,0
2495,551002254,5.51002E+14,-1.7310078,1.4257472,5.6987987,0
2497,551002270,5.51002E+14,-1.400608,2.4612393,5.046977,0
2499,551002289,5.51002E+14,-0.61530983,2.6928782,5.603629,0
2502,551002315,5.51002E+14,0.036511578,2.1158757,6.2662244,0
2503,551002329,5.51002E+14,0.025737667,1.6980876,6.3709707,0
2506,551002348,5.51002E+14,-0.4429273,1.8507179,6.136339,0
2508,551002370,5.51002E+14,-0.58538234,2.4061728,6.2632318,0
2511,551002400,5.51002E+14,-0.7128736,3.0310593,5.8933277,0
2512,551002408,5.51002E+14,-0.78529817,3.3620577,5.442619,0
2513,551002427,5.51002E+14,-0.75596917,3.2507274,5.209184,0
2515,551002447,5.51002E+14,-0.76315176,3.4560301,5.3923407,0
2517,551002472,5.51002E+14,-0.36032736,3.9079356,6.045359,0
2520,551002508,5.51003E+14,0.2741361,4.361637,6.8049197,0
2520,551002509,5.51003E+14,0.5201403,4.326921,7.3148847,0
2521,551002527,5.51003E+14,0.6835446,4.3077674,7.9768815,0
2522,551002547,5.51003E+14,0.5542577,4.1515455,8.805275,0
2523,551002573,5.51003E+14,0.47105917,3.6619315,10.086772,0
2526,551002592,5.51003E+14,0.8295909,3.1884782,11.060614,0
2527,551002607,5.51003E+14,0.9355343,3.17531,11.413758,0
2527,551002627,5.51003E+14,0.8523358,3.74513,10.82658,0
2529,551002648,5.51003E+14,0.97982705,4.282628,10.924743,0
2530,551002667,5.51003E+14,0.724246,4.698621,11.606491,0
2533,551002698,5.51003E+14,1.1246762,4.6740804,12.340913,0
2535,551002709,5.51003E+14,2.52289,4.168904,14.834474,0
2537,551002727,5.51003E+14,3.3387144,3.6248214,17.803284,0
2538,551002748,5.51003E+14,2.3834279,1.9794062,17.448343,0
2539,551002768,5.51003E+14,0.011971008,0.46387658,14.651318,0
2543,551002793,5.51003E+14,-1.4030021,0.20231004,12.170924,0
2545,551002808,5.51003E+14,-1.3012487,1.1988965,9.867104,0
2546,551002827,5.51003E+14,-0.49081135,2.6970682,7.780557,0
2549,551002848,5.51003E+14,-0.11492168,3.3608606,6.4302273,0
2550,551002868,5.51003E+14,0.08738836,2.8520927,5.910087,0
2554,551002893,5.51003E+14,0.20530279,2.2278047,5.9651537,0
2555,551002907,5.51003E+14,0.24301147,2.3038206,5.835268,0
2556,551002930,5.51003E+14,0.272939,2.7581203,5.16549,0
2561,551002952,5.51003E+14,0.32561144,3.25372,4.4645877,0
2565,551002970,5.51003E+14,0.34476504,3.8456864,4.2718544,0
2567,551002989,5.51003E+14,0.26036942,4.2042184,4.2784386,0
2568,551003012,5.51003E+14,0.010773907,4.305373,4.575918,0
2570,551003026,5.51003E+14,-0.18076223,4.2395325,4.75668,0
2572,551003046,5.51003E+14,-0.34356794,4.1437645,5.032612,0
2573,551003066,5.51003E+14,-0.41718966,4.2042184,5.6569,0
2576,551003090,5.51003E+14,-0.25977087,4.3197384,6.4068837,0
2577,551003107,5.51003E+14,-0.28550854,4.2874165,7.204153,0
2578,551003127,5.51003E+14,-0.5674258,4.493318,8.842385,0
2582,551003151,5.51003E+14,-0.76434886,4.547786,10.523115,0
2583,551003166,5.51003E+14,-1.0899603,4.3999443,11.564592,0
2587,551003208,5.51003E+14,-1.6190789,4.4286747,12.018892,0
2587,551003208,5.51003E+14,-1.6795325,4.7668557,13.368624,0
2590,551003226,5.51003E+14,-0.60932434,5.380968,15.059528,0
2591,551003245,5.51003E+14,0.93373865,5.2127757,16.402676,0
2592,551003265,5.51003E+14,1.0085574,4.4101195,18.65921,0
2593,551003289,5.51003E+14,-0.001197101,3.3243492,17.838598,0
2596,551003326,5.51003E+14,-0.4997896,2.1392193,16.444574,0
2598,551003369,5.51003E+14,-1.1468226,0.90500826,9.539098,0
2598,551003369,5.51003E+14,-1.1468226,0.90500826,9.539098,0
2598,551003369,5.51003E+14,-1.1468226,0.90500826,9.539098,0
2599,551003396,5.51003E+14,-1.0061632,1.192911,7.852383,0
2602,551003408,5.51003E+14,-0.6075287,1.7992426,6.149507,0
2603,551003425,5.51003E+14,-0.1436521,2.167351,5.245097,0
2604,551003445,5.51003E+14,0.3513491,2.123657,4.9063177,0
2607,551003466,5.51003E+14,0.7751228,2.2481554,5.081693,0
2607,551003485,5.51003E+14,0.9540894,2.36188,5.357026,0
2609,551003505,5.51004E+14,0.7697359,2.4307132,5.1559134,0
2610,551003525,5.51004E+14,0.39205053,2.4498668,4.9416323,0
2611,551003545,5.51004E+14,0.23403321,2.6378117,4.753089,0
2614,551003567,5.51004E+14,0.21787235,2.7090392,4.449025,0
2614,551003585,5.51004E+14,0.23163901,3.0897174,4.1982327,0
2617,551003605,5.51004E+14,0.4237737,3.554791,4.8775873,0
2618,551003625,5.51004E+14,0.47165772,3.7804444,6.033987,0
2619,551003648,5.51004E+14,0.26156655,3.8564603,6.968324,0
2621,551003666,5.51004E+14,-0.18375498,4.1413703,7.313089,0
2622,551003685,5.51004E+14,-0.2088941,4.5286326,8.149264,0
2629,551003708,5.51004E+14,0.6147113,4.621408,9.598953,0
2630,551003725,5.51004E+14,0.9451111,5.0158525,11.502343,0
2631,551003745,5.51004E+14,0.88525605,5.708974,13.575722,0
2633,551003765,5.51004E+14,1.270124,5.6443305,15.494675,0
2634,551003784,5.51004E+14,1.5280992,5.295376,17.125126,0
2637,551003805,5.51004E+14,1.8662802,4.2491093,18.328213,0
2638,551003827,5.51004E+14,1.5634137,2.8892028,18.737621,0
2639,551003845,5.51004E+14,0.7721301,1.4101849,17.69734,0
2641,551003865,5.51004E+14,-0.044292733,0.40162733,15.0661125,0
2642,551003884,5.51004E+14,-0.9020155,0.4758476,11.8818245,0
2644,551003904,5.51004E+14,-1.1444284,1.1976994,9.209297,0
2646,551003924,5.51004E+14,-0.83976626,2.0027497,7.4345946,0
2648,551003944,5.51004E+14,-0.20171149,2.4636335,6.287772,0
2652,551003964,5.51004E+14,0.35314476,2.4546554,5.5982423,0
2653,551003984,5.51004E+14,0.7733272,2.4211364,5.5312047,0
2655,551004006,5.51004E+14,1.0761937,2.4636335,5.471948,0
2657,551004040,5.51004E+14,1.055843,2.7024553,5.390545,0
2658,551004045,5.51004E+14,0.8379706,2.9502552,5.1702785,0
2660,551004063,5.51004E+14,0.4381389,3.1238346,4.4957123,0
2660,551004083,5.51004E+14,0.077213004,3.3010056,3.8971617,0
2660,551004103,5.51004E+14,-0.27712885,3.5332432,3.875614,0
2664,551004131,5.51004E+14,-0.76434886,3.639785,4.0821137,0
2664,551004144,5.51004E+14,-1.2797008,3.4691982,4.6621094,0
2666,551004163,5.51004E+14,-1.2898762,3.469797,5.5497594,0
2666,551004186,5.51004E+14,-1.1611878,3.7002387,5.9244523,0
2672,551004204,5.51004E+14,-1.0145429,4.2173862,6.205771,0
2675,551004224,5.51004E+14,-0.724246,4.8883615,7.8996687,0
2676,551004243,5.51004E+14,-0.46148238,5.279215,10.494983,0
2678,551004269,5.51004E+14,-0.81163436,5.425261,13.347674,0
2680,551004286,5.51004E+14,-1.8561049,5.507262,14.490307,0
2680,551004304,5.51004E+14,-2.6647465,5.905897,15.288774,0
2683,551004328,5.51004E+14,-2.0745757,6.335656,17.633894,0
2684,551004343,5.51004E+14,-1.0247183,6.4583592,19.612701,0
2686,551004372,5.51004E+14,-0.7032967,5.17387,19.612701,0
2687,551004383,5.51004E+14,-1.2144588,3.2800562,18.893843,0
2688,551004403,5.51004E+14,-1.484405,1.7112557,16.166847,0
2690,551004426,5.51004E+14,-1.6274586,0.9487024,12.798205,0
2696,551004450,5.51004E+14,-1.6867151,1.0779893,8.99322,0
2699,551004468,5.51004E+14,-1.7495629,1.6986861,5.7263317,0
2700,551004483,5.51004E+14,-1.7154455,2.243367,3.7912183,0
2701,551004503,5.51005E+14,-1.4347254,2.441487,3.2076318,0
2703,551004526,5.51005E+14,-0.8607155,2.3331497,3.3836055,0
2704,551004544,5.51005E+14,-0.1352724,2.3481133,4.299388,0
2707,551004564,5.51005E+14,0.53211135,2.2098482,5.319318,0
2708,551004583,5.51005E+14,0.80205756,2.019509,5.777209,0
2709,551004603,5.51005E+14,0.38726214,1.8124107,5.8663926,0
2711,551004626,5.51005E+14,-0.272939,1.7663223,5.3085437,0
2713,551004663,5.51005E+14,-0.9415198,1.846528,4.3742065,0
2713,551004664,5.51005E+14,-1.3455414,2.112883,3.8187518,0
2715,551004681,5.51005E+14,-1.5819688,2.461838,3.8217444,0
2717,551004709,5.51005E+14,-1.3892355,2.8329391,4.0396166,0
2718,551004722,5.51005E+14,-1.0097545,3.5924997,5.157709,0
2719,551004741,5.51005E+14,-0.4997896,3.9761705,6.493075,0
2720,551004762,5.51005E+14,0.10474633,4.1772833,7.2286935,0
2721,551004781,5.51005E+14,0.8086416,4.857237,9.411607,0
2721,551004801,5.51005E+14,1.9800048,5.6586957,12.583924,0
2722,551004822,5.51005E+14,2.2254105,5.8598084,14.529213,0
2723,551004841,5.51005E+14,0.8774749,5.3642087,15.140931,0
2723,551004861,5.51005E+14,-0.3333926,4.988918,14.415488,0
2724,551004881,5.51005E+14,-0.51834464,5.13257,14.188638,0
2725,551004901,5.51005E+14,-0.05925649,5.5419784,15.1858225,0
2726,551004921,5.51005E+14,0.66858083,5.345654,15.980698,0
2728,551004941,5.51005E+14,1.1839328,4.4143095,16.172234,0
2729,551004961,5.51005E+14,1.4431051,3.1346085,15.827469,0
2731,551004981,5.51005E+14,0.9343372,2.0081367,14.4292555,0
2733,551005002,5.51005E+14,0.11971009,1.5801731,11.654974,0
2737,551005030,5.51005E+14,-0.6171055,1.8483237,8.815451,0
2739,551005041,5.51005E+14,-0.89782566,2.295441,6.6905966,0
2740,551005061,5.51005E+14,-0.96546185,2.5342624,5.701193,0
2742,551005083,5.51005E+14,-0.9379285,2.3786395,5.3743844,0
2743,551005102,5.51005E+14,-1.0648212,2.034473,5.324106,0
2745,551005122,5.51005E+14,-1.0654198,1.9177556,5.318719,0
2746,551005140,5.51005E+14,-0.84096336,2.067393,5.222951,0
2747,551005164,5.51005E+14,-0.57161564,2.5809495,4.8416743,0
2748,551005180,5.51005E+14,-0.46866497,3.0490158,4.7375264,0
2753,551005201,5.51005E+14,-0.23403321,3.4249055,4.4478283,0
2755,551005223,5.51005E+14,-0.20829555,3.7684734,4.313753,0
2757,551005241,5.51005E+14,-0.20231004,3.9773676,4.573524,0
2757,551005265,5.51005E+14,-0.2837129,3.9097314,4.7255554,0
2760,551005285,5.51005E+14,-0.6039374,4.1425676,5.069722,0
2761,551005300,5.51005E+14,-0.81163436,4.5842977,5.5826797,0
2762,551005320,5.51005E+14,-1.0079589,4.932654,6.5655,0
2763,551005342,5.51005E+14,-0.8996213,5.2983685,8.879496,0
2766,551005363,5.51005E+14,-0.6087258,5.543774,11.988366,0
2768,551005381,5.51005E+14,-0.66259533,5.704784,14.072519,0
2769,551005401,5.51005E+14,-1.3988123,5.781997,15.119983,0
2772,551005423,5.51005E+14,-2.5540147,6.2620344,14.826693,0
2775,551005443,5.51005E+14,-2.919729,6.5948286,14.157514,0
2780,551005472,5.51005E+14,-1.9512744,6.569091,15.271416,0
2781,551005481,5.51005E+14,-0.5069722,5.659294,16.947357,0
2782,551005502,5.51006E+14,-0.44891283,4.396951,16.874931,0
2784,551005524,5.51006E+14,-1.2635399,2.9215245,14.824298,0
2785,551005540,5.51006E+14,-1.6921021,1.9991584,12.714408,0
2786,551005563,5.51006E+14,-1.4257472,1.816002,10.396222,0
2787,551005579,5.51006E+14,-1.2455834,2.1667526,8.186374,0
2787,551005599,5.51006E+14,-1.0378864,2.5761611,6.4721255,0
2788,551005621,5.51006E+14,-0.6548142,2.710835,5.851429,0
2789,551005640,5.51006E+14,-0.45070848,2.4672248,6.0543375,0
2790,551005660,5.51006E+14,-0.40342298,2.0907366,6.021417,0
2793,551005680,5.51006E+14,-0.56563014,1.9339164,5.6545057,0
2795,551005700,5.51006E+14,-0.82480246,1.8872294,4.88896,0
2801,551005726,5.51006E+14,-1.073201,1.9219455,4.4837413,0
2802,551005739,5.51006E+14,-0.9864111,2.1571758,4.039018,0
2803,551005759,5.51006E+14,-0.87089086,2.4372973,3.8660371,0
2804,551005779,5.51006E+14,-0.7679402,2.8203697,4.661511,0
2804,551005800,5.51006E+14,-0.87927055,2.4941597,5.6203885,0
2806,551005819,5.51006E+14,-1.0594343,2.2816741,6.0663085,0
2807,551005840,5.51006E+14,-1.0342951,2.570774,6.4421983,0
2808,551005860,5.51006E+14,-0.62249243,3.366846,6.725911,0
2810,551005880,5.51006E+14,-0.17836803,4.07553,7.0036387,0
2811,551005900,5.51006E+14,0.016759412,4.510676,7.6668324,0
2814,551005925,5.51006E+14,0.6422446,5.075109,9.595362,0
2817,551005943,5.51006E+14,1.5981296,5.366603,12.258312,0
2822,551005962,5.51006E+14,1.797447,5.3085437,14.277224,0
2824,551005982,5.51006E+14,1.021127,5.111022,15.075689,0
2825,551005999,5.51006E+14,0.42317516,4.6285906,15.613188,0
2828,551006033,5.51006E+14,0.62847793,4.4879313,16.397888,0
2829,551006042,5.51006E+14,1.3664906,4.3305125,17.237654,0
2829,551006058,5.51006E+14,1.939902,3.4757824,17.217901,0
2830,551006079,5.51006E+14,1.5149311,2.393603,15.621568,0
2831,551006100,5.51006E+14,0.4405331,1.5526398,13.0202675,0
2834,551006124,5.51006E+14,-0.43754035,1.453879,10.538677,0
2836,551006139,5.51006E+14,-0.7092823,1.721431,8.5700445,0
2837,551006161,5.51006E+14,-0.34596214,2.2337902,7.3525934,0
2840,551006183,5.51006E+14,0.219668,2.6258407,6.809708,0
2848,551006210,5.51006E+14,0.58538234,2.7401638,6.6864066,0
2851,551006226,5.51006E+14,0.59136784,2.5582044,6.6349316,0
2853,551006238,5.51006E+14,0.4357447,2.5025394,6.1243677,0
2853,551006258,5.51006E+14,0.28311434,2.6318262,5.4102974,0
2855,551006282,5.51006E+14,0.16460137,2.9921536,4.472967,0
2856,551006300,5.51006E+14,0.12449849,3.244742,3.4171243,0
2858,551006322,5.51006E+14,0.016759412,3.459023,3.0885203,0
2859,551006341,5.51006E+14,-0.44232875,3.5685577,3.6032736,0
2860,551006364,5.51006E+14,-1.228824,3.371036,3.9803603,0
2862,551006382,5.51006E+14,-0.033518825,3.6020765,4.321534,0
2863,551006398,5.51006E+14,-1.8782512,3.6014779,7.031172,0
2866,551006420,5.51006E+14,-1.1953052,4.091092,6.1866174,0
2869,551006441,5.51006E+14,-1.4443022,4.729147,5.752668,0
2874,551006469,5.51006E+14,-1.483208,5.542577,6.6403184,0
2875,551006478,5.51006E+14,-0.56084174,6.323685,10.629059,0
2876,551006498,5.51006E+14,0.52732295,6.6103907,14.264654,0
2877,551006523,5.51007E+14,0.5883751,6.4787097,15.923836,0
2880,551006539,5.51007E+14,0.05207389,6.0890536,16.278776,0
2882,551006558,5.51007E+14,-1.2623428,6.271013,15.084069,0
2883,551006579,5.51007E+14,-1.745373,6.3105173,14.409503,0
2886,551006600,5.51007E+14,-1.6430209,5.889736,14.8350725,0
2888,551006619,5.51007E+14,-1.228824,4.9637785,15.571888,0
2891,551006638,5.51007E+14,-0.9959879,3.6643257,15.734694,0
2892,551006658,5.51007E+14,-0.78170687,2.717419,15.150508,0
2894,551006679,5.51007E+14,-0.48123455,1.929128,13.860632,0
2896,551006721,5.51007E+14,-0.66259533,1.4185646,11.146206,0
2897,551006721,5.51007E+14,-1.1133038,1.5161282,8.310873,0
2900,551006737,5.51007E+14,-1.0420763,2.1883004,6.4242415,0
2900,551006757,5.51007E+14,-0.60094464,2.544438,5.349245,0
2901,551006779,5.51007E+14,-0.3693056,2.4893713,4.9338512,0
2905,551006808,5.51007E+14,-0.35075054,2.2882583,5.0781016,0
2906,551006860,5.51007E+14,-0.1412579,2.3026235,5.175067,0
2906,551006861,5.51007E+14,-0.1412579,2.3026235,5.175067,0
2906,551006861,5.51007E+14,-0.24121583,2.5258827,4.702811,0
2907,551006879,5.51007E+14,-0.42556936,2.873042,4.6178164,0
2908,551006897,5.51007E+14,-0.43634325,2.947861,4.824915,0
2909,551006918,5.51007E+14,-0.4782418,2.9167361,5.257068,0
2911,551006937,5.51007E+14,-0.3477578,3.3500867,6.0244102,0
2916,551006957,5.51007E+14,-0.16819267,3.7582982,6.327875,0
2919,551006982,5.51007E+14,-0.034715924,3.9240966,6.3003416,0
2920,551006997,5.51007E+14,0.18914193,4.2730513,6.2823853,0
2921,551007020,5.51007E+14,0.4201824,5.035006,7.340024,0
2925,551007038,5.51007E+14,0.6817489,5.7083755,7.49445,0
2927,551007080,5.51007E+14,0.38067806,5.8801594,5.044583,0
2927,551007081,5.51007E+14,0.41479546,5.957971,5.577293,0
2930,551007110,5.51007E+14,2.3523033,4.9506106,12.867637,0
2932,551007124,5.51007E+14,3.107674,6.233304,16.33085,0
2933,551007136,5.51007E+14,1.751957,5.6341553,14.199411,0
2934,551007156,5.51007E+14,1.0133458,3.9013517,11.711238,0
2940,551007181,5.51007E+14,0.38965634,3.0101101,13.1555395,0
2943,551007196,5.51007E+14,1.2563573,3.311181,16.455349,0
2945,551007216,5.51007E+14,2.4127567,3.6643257,16.928204,0
2950,551007278,5.51007E+14,2.4983494,3.1866825,15.206772,1
2950,551007278,5.51007E+14,1.7543513,2.5276785,12.609662,1
2951,551007278,5.51007E+14,0.8002619,2.2643163,10.336966,1
2956,551007296,5.51007E+14,0.3309984,2.4073699,8.583812,1
2956,551007315,5.51007E+14,0.09756372,2.755726,7.645883,1
2958,551007336,5.51007E+14,0.024540568,2.8736405,7.0365586,1
2959,551007356,5.51007E+14,0.06584055,2.6384103,6.71813,1
2962,551007383,5.51007E+14,0.02932897,2.508525,6.543353,1
2966,551007396,5.51007E+14,0.11312603,2.4624364,6.56131,1
2968,551007420,5.51007E+14,0.091578215,2.5510218,6.4781113,1
2970,551007436,5.51007E+14,0.022744916,2.7790697,6.14412,1
2975,551007460,5.51007E+14,-0.019153614,3.3135753,5.759252,1
2978,551007481,5.51007E+14,-0.05686229,3.6804867,5.385158,1
2979,551007496,5.51007E+14,-0.24181437,3.863643,5.561132,1
2980,551007516,5.51008E+14,-0.338181,3.9019501,6.187814,1
2982,551007536,5.51008E+14,-0.45070848,3.915717,6.7283053,1
2983,551007556,5.51008E+14,-0.712275,4.1413703,6.9102645,1
2986,551007582,5.51008E+14,-0.96665895,4.2437224,7.1143703,1
2988,551007599,5.51008E+14,-0.8870517,4.3580456,8.161235,1
2989,551007616,5.51008E+14,-0.7745243,4.3197384,9.547478,1
2992,551007636,5.51008E+14,-0.581791,4.293402,11.6112795,1
2994,551007656,5.51008E+14,-0.770933,4.4035354,12.534245,1
2997,551007683,5.51008E+14,-1.0414777,4.6686935,12.679692,1
3001,551007695,5.51008E+14,-1.3198037,4.911106,12.674904,1
3001,551007715,5.51008E+14,-1.7274165,5.441422,11.807604,1
3003,551007735,5.51008E+14,-1.4508862,6.1046157,11.148002,1
3004,551007755,5.51008E+14,-0.7757214,6.894104,10.85531,1
3006,551007779,5.51008E+14,0.42078096,6.305729,12.25113,1
3007,551007795,5.51008E+14,0.7260417,5.374983,13.8480625,1
3009,551007815,5.51008E+14,0.49440265,3.7954082,15.436615,1
3011,551007835,5.51008E+14,-0.39624038,2.2050598,13.805566,1
3012,551007855,5.51008E+14,-1.8381484,1.3910311,10.872668,1
3014,551007877,5.51008E+14,-2.356493,1.5215151,8.267179,1
3015,551007895,5.51008E+14,-1.7998412,2.2307975,6.9318123,1
3016,551007914,5.51008E+14,-1.1019313,2.6210523,7.2364745,1
3019,551007939,5.51008E+14,-0.21906945,2.6192567,7.835025,1
3024,551007963,5.51008E+14,0.4961983,2.2936451,8.048109,1
3026,551007979,5.51008E+14,0.61112,2.087744,7.467515,1
3027,551007995,5.51008E+14,0.521936,2.0518308,6.339846,1
3029,551008015,5.51008E+14,0.25797522,2.2768857,5.4192758,1
3033,551008098,5.51008E+14,-0.059855044,2.5887306,4.7884035,1
3034,551008099,5.51008E+14,-0.2184709,2.6797101,4.300585,1
3034,551008099,5.51008E+14,-0.15023616,2.6503813,4.2078094,1
3035,551008100,5.51008E+14,-0.02633622,2.6839,4.817134,1
3036,551008115,5.51008E+14,0.26755205,2.6593595,5.5485625,1
3038,551008141,5.51008E+14,0.41479546,2.5270798,6.109404,1
3039,551008154,5.51008E+14,0.39384618,2.819771,6.39192,1
3042,551008176,5.51008E+14,0.30406362,3.1238346,6.7109475,1
3044,551008194,5.51008E+14,0.32920274,3.265691,7.3059063,1
3048,551008215,5.51008E+14,0.5518635,3.6337996,9.011775,1
3051,551008238,5.51008E+14,0.7386112,4.214992,10.629059,1
3052,551008254,5.51008E+14,0.96187055,4.876989,12.846089,1
3054,551008275,5.51008E+14,2.1080947,5.489306,15.028404,1
3055,551008297,5.51008E+14,3.2399535,5.567716,16.836624,1
3056,551008316,5.51008E+14,3.650559,5.406706,17.618332,1
3057,551008334,5.51008E+14,3.1358056,4.469376,17.828423,1
3060,551008355,5.51008E+14,2.1936872,3.233968,17.019781,1
3061,551008374,5.51008E+14,1.0720038,2.1218612,15.402498,1
3063,551008394,5.51008E+14,0.076614454,1.4951789,12.970588,1
3064,551008413,5.51008E+14,-0.53330845,1.4616601,10.615292,1
3065,551008434,5.51008E+14,-0.39444473,1.8010383,9.014768,1
3069,551008454,5.51008E+14,0.23523031,2.1841104,7.9152308,1
3073,551008473,5.51008E+14,0.5734113,2.1972785,7.0886326,1
3075,551008495,5.51008E+14,0.5919664,1.9554642,6.337452,1
3076,551008513,5.51009E+14,0.33877954,1.7956513,5.5844755,1
3077,551008533,5.51009E+14,0.12749124,2.011728,4.702811,1
3080,551008553,5.51009E+14,0.012569559,2.3175871,3.852869,1
3081,551008574,5.51009E+14,-0.20350714,2.6725276,3.4584243,1
3085,551008596,5.51009E+14,-0.17477672,3.1184478,3.5332432,1
3087,551008614,5.51009E+14,-0.13587095,3.3566709,4.1276035,1
3088,551008633,5.51009E+14,-0.05746084,3.3452983,4.8823757,1
3091,551008654,5.51009E+14,-0.08080431,3.4715924,5.3324857,1
3093,551008677,5.51009E+14,-0.11372458,3.891775,5.394735,1
3096,551008694,5.51009E+14,-0.362123,4.3161473,6.1040173,1
3103,551008713,5.51009E+14,-0.3824737,4.307169,7.302315,1
3105,551008734,5.51009E+14,-0.41180268,4.5447936,8.838794,1
3106,551008753,5.51009E+14,-0.26755205,5.088876,10.936115,1
3107,551008773,5.51009E+14,0.14664486,5.783194,13.734937,1
3109,551008793,5.51009E+14,0.053869538,5.9041014,15.295956,1
3110,551008813,5.51009E+14,-0.89782566,5.7502737,14.903307,1
3114,551008845,5.51009E+14,-1.8088194,6.1225724,13.973758,1
3116,551008853,5.51009E+14,-1.5269021,6.5481415,13.761272,1
3116,551008872,5.51009E+14,-0.50996494,6.4936733,14.261661,1
3117,551008892,5.51009E+14,0.57760113,5.7245364,15.143326,1
3119,551008912,5.51009E+14,0.9756372,4.4927197,15.951967,1
3121,551008939,5.51009E+14,0.24959552,2.846706,14.83567,1
3127,551008960,5.51009E+14,-0.89064306,1.6256629,12.438477,1
3128,551008973,5.51009E+14,-1.5658079,1.2126632,9.654618,1
3130,551008992,5.51009E+14,-1.7226281,1.3856442,7.24665,1
3131,551009012,5.51009E+14,-1.447295,1.8022354,5.4432178,1
3135,551009052,5.51009E+14,-0.943914,2.2547395,5.033809,1
3136,551009053,5.51009E+14,-0.54408234,2.508525,5.400122,1
3136,551009072,5.51009E+14,-0.39384618,2.2900538,5.866991,1
3138,551009092,5.51009E+14,-0.44771573,1.8896236,5.6239796,1
3139,551009112,5.51009E+14,-0.5398925,1.75076,4.7261543,1
3141,551009136,5.51009E+14,-0.6428431,1.8561049,4.4837413,1
3143,551009152,5.51009E+14,-0.60932434,2.1206641,5.100847,1
3144,551009172,5.51009E+14,-0.48362875,2.236783,5.659893,1
3147,551009192,5.51009E+14,-0.4261679,2.1206641,5.717354,1
3151,551009216,5.51009E+14,-0.3645172,2.1290438,5.929839,1
3154,551009235,5.51009E+14,-0.29628247,2.4127567,6.5128274,1
3155,551009252,5.51009E+14,-0.39324763,2.7335799,7.586028,1
3156,551009272,5.51009E+14,-0.52133745,2.742558,8.508993,1
3158,551009291,5.51009E+14,-0.60812724,2.7102363,9.205107,1
3159,551009312,5.51009E+14,-0.19153613,3.1723173,9.713276,1
3162,551009335,5.51009E+14,0.37828386,3.7181952,10.564415,1
3163,551009351,5.51009E+14,0.98341835,4.0396166,11.920132,1
3164,551009371,5.51009E+14,1.3742718,4.300585,13.755287,1
3167,551009392,5.51009E+14,1.8483237,4.4023385,14.678252,1
3168,551009411,5.51009E+14,2.396596,4.644751,15.361198,1
3171,551009435,5.51009E+14,2.7353754,4.9613843,15.966931,1
3176,551009457,5.51009E+14,2.8461072,4.369418,16.299126,1
3177,551009471,5.51009E+14,2.4378958,3.0759506,16.676214,1
3180,551009491,5.51009E+14,1.5316905,1.7818847,15.677832,1
3181,551009511,5.5101E+14,0.44831428,1.055843,13.129802,1
3184,551009534,5.5101E+14,-0.50517654,0.86490536,10.460267,1
3185,551009551,5.5101E+14,-1.0097545,0.96306765,8.196549,1
3186,551009572,5.5101E+14,-1.0773908,1.2198458,6.637326,1
3188,551009591,5.5101E+14,-0.83737206,1.5101427,5.650316,1
3190,551009611,5.5101E+14,-0.59136784,1.7088615,5.403713,1
3192,551009634,5.5101E+14,-0.2681506,1.8734628,5.469554,1
3193,551009651,5.5101E+14,0.04129998,2.0907366,5.449203,1
3194,551009670,5.5101E+14,0.22685061,2.3953989,5.3558292,1
3198,551009690,5.5101E+14,0.18854338,2.6671407,4.879383,1
3202,551009712,5.5101E+14,-0.08738836,2.7030537,4.0815153,1
3204,551009732,5.5101E+14,-0.3321955,2.8269536,3.8660371,1
3205,551009751,5.5101E+14,-0.2669535,3.1142578,4.6154222,1
3206,551009770,5.5101E+14,-0.09995792,3.2585084,5.971139,1
3209,551009790,5.5101E+14,-0.030526072,3.3608606,7.1670427,1
3210,551009810,5.5101E+14,0.11671733,3.833117,8.480263,1
3212,551009832,5.5101E+14,-0.088585466,4.231153,8.702325,1
3214,551009851,5.5101E+14,-0.5781997,4.3777976,8.917803,1
3215,551009870,5.5101E+14,-0.62728083,4.7483006,10.0269165,1
3218,551009895,5.5101E+14,-0.34476504,5.5192337,12.058995,1
3219,551009910,5.5101E+14,-0.27593175,6.130952,13.594277,1
3223,551009936,5.5101E+14,-0.45908818,6.375759,14.192827,1
3227,551009953,5.5101E+14,-0.6769605,6.4068837,13.90313,1
3228,551009969,5.5101E+14,-0.7140707,6.3446345,14.067132,1
3229,551009989,5.5101E+14,-0.04369418,5.9226565,15.18283,1
3230,551010011,5.5101E+14,0.47764325,4.9787426,16.121956,1
3234,551010031,5.5101E+14,0.6572084,3.769072,16.712126,1
3235,551010049,5.5101E+14,0.053869538,2.172738,15.4641485,1
3236,551010069,5.5101E+14,-0.9516952,0.94331545,12.401965,1
3237,551010091,5.5101E+14,-1.6897079,0.84575176,9.303269,1
3238,551010109,5.5101E+14,-1.9692309,1.2683283,6.7654157,1
3239,551010129,5.5101E+14,-1.8950106,1.7238252,5.083489,1
3240,551010149,5.5101E+14,-1.4772224,2.2649148,4.6279917,1
3241,551010169,5.5101E+14,-0.6997054,2.4319103,5.1930237,1
3245,551010192,5.5101E+14,0.008379706,2.4690206,5.6940103,1
3248,551010210,5.5101E+14,0.60812724,2.60549,6.1141925,1
3251,551010244,5.5101E+14,0.96426475,2.7150247,6.3619924,1
3253,551010290,5.5101E+14,0.22984336,2.2373815,5.5790887,1
3258,551010469,5.5101E+14,1.0229226,4.5501804,9.36073,1
3270,551010650,5.51011E+14,2.1206641,3.0699651,13.652935,1
3290,551010830,5.51011E+14,-0.31663316,1.7477672,4.353257,1
3306,551011008,5.51011E+14,0.4890157,4.596867,11.966819,1
3315,551011186,5.51011E+14,-0.95229375,3.9097314,12.512696,1
3326,551011370,5.51011E+14,-0.39624038,1.5735891,6.0244102,1
3338,551011547,5.51012E+14,0.7858967,3.762488,6.547543,1
3354,551011727,5.51012E+14,2.484583,2.369661,18.137276,1
3364,551011909,5.51012E+14,0.25498247,2.1865046,4.074931,1
3376,551012086,5.51012E+14,0.25677812,4.8123455,7.2388687,1
3387,551012266,5.51012E+14,-0.108936176,5.415086,16.143503,1
3403,551012463,5.51012E+14,0.05207389,2.0745757,4.8003745,1
3413,551012626,5.51013E+14,0.26036942,3.0065188,8.446145,1
3432,551012804,5.51013E+14,2.8766334,4.4939165,15.123573,1
3447,551012983,5.51013E+14,0.5398925,2.2948422,5.5748987,1
3462,551013164,5.51013E+14,-0.46387658,3.8474822,5.267244,1
3478,551013358,5.51013E+14,-1.1695676,6.531382,14.507666,1
3489,551013522,5.51014E+14,0.427365,2.6420016,7.8188643,1
3502,551013706,5.51014E+14,-0.5979519,2.6390088,5.5725045,1
3517,551013882,5.51014E+14,0.79128367,3.900753,13.988124,1
3538,551014069,5.51014E+14,-0.50996494,1.7531542,7.6470804,1
3551,551014239,5.51014E+14,-0.81522566,3.5607765,3.2184057,1
3561,551014421,5.51014E+14,-1.726818,4.999093,13.655928,1
3575,551014612,5.51015E+14,-1.0193313,2.8844144,7.7967176,1
3581,551014779,5.51015E+14,-0.66858083,2.1787236,4.8255134,1
3587,551014957,5.51015E+14,0.9139865,3.2291796,9.751583,1
3591,551015136,5.51015E+14,-1.8746599,0.6859388,10.981605,1
3599,551015316,5.51015E+14,0.770933,2.932897,4.7788267,1
3605,551015496,5.51015E+14,1.3856442,5.559336,12.154763,1
3609,551015675,5.51016E+14,-1.2240356,2.255338,12.446258,1
3615,551015855,5.51016E+14,-0.44592008,1.8794483,5.2049947,1
3622,551016035,5.51016E+14,0.32561144,2.5270798,9.3733,1
3629,551016214,5.51016E+14,1.0007763,2.0883424,14.747086,1
3632,551016393,5.51016E+14,-0.6973112,1.7657237,3.537433,1
3638,551016573,5.51017E+14,-0.46567222,4.4538136,10.276512,1
3643,551016753,5.51017E+14,-0.12090719,3.2722752,15.165472,1
3646,551016932,5.51017E+14,-0.57400984,1.9003977,4.7177744,1
3652,551017111,5.51017E+14,-0.93613285,2.0165164,6.8958993,1
3657,551017291,5.51017E+14,1.5406688,3.6619315,16.79772,1
3662,551017471,5.51017E+14,0.05925649,1.5837644,5.363012,1
3667,551017653,5.51018E+14,-0.02633622,3.715801,5.6335564,1
3673,551017830,5.51018E+14,-0.003591303,4.8733974,16.290747,1
3681,551018059,5.51018E+14,-1.460463,1.0151415,6.593033,1
3684,551018191,5.51018E+14,-0.05267244,3.0190883,7.4447703,1
3690,551018416,5.51018E+14,0.022146367,3.252523,11.7064495,1
3708,551018549,5.51019E+14,-0.3537433,1.5801731,6.2141504,0
3716,551018728,5.51019E+14,-0.8523358,3.0131028,5.604826,0
3720,551018908,5.51019E+14,-2.1086931,4.5178585,15.395914,0
3727,551019087,5.51019E+14,-0.4285621,2.0763714,7.1484876,0
3733,551019267,5.51019E+14,-0.50278234,2.071583,4.2880154,0
3740,551019446,5.51019E+14,2.232593,3.5128925,15.608998,0
3744,551019626,5.5102E+14,-0.5781997,1.2892777,8.444948,0
3750,551019805,5.5102E+14,-0.58897364,2.473809,5.153519,0
3756,551019985,5.5102E+14,-1.5035586,4.3598413,17.410036,0
3760,551020165,5.5102E+14,-0.7577648,2.2906525,7.369353,0
3770,551020344,5.5102E+14,-0.5446809,1.9117701,4.4328647,0
3776,551020523,5.51021E+14,0.700304,2.8245595,13.835493,0
3782,551020703,5.51021E+14,1.3617022,2.4959552,13.27106,0
3787,551020883,5.51021E+14,-0.8619126,1.9560628,2.4654293,0
3792,551021062,5.51021E+14,-0.7380127,3.7152026,14.22096,0
3798,551021244,5.51021E+14,-0.93134445,2.0045455,10.983999,0
3803,551021422,5.51021E+14,-0.60214174,1.6047137,5.4019175,0
3809,551021601,5.51022E+14,0.093972415,2.9418752,8.377312,0
3816,551021781,5.51022E+14,1.7615339,1.785476,15.7747965,0
3823,551021960,5.51022E+14,0.11312603,1.7082629,5.6640825,0
3827,551022140,5.51022E+14,-0.24241292,3.8989575,8.857947,0
3833,551022319,5.51022E+14,-1.1372458,3.1292217,15.316307,0
3838,551022499,5.51022E+14,-0.4794389,1.6627731,6.3979053,0
3842,551022679,5.51023E+14,0.37948096,3.0358477,7.3166804,0
3848,551022858,5.51023E+14,1.4742297,2.7030537,16.36796,0
3855,551023037,5.51023E+14,1.3706805,1.9297266,7.94037,0
3861,551023218,5.51023E+14,-0.58657944,3.3626564,5.943007,0
3865,551023397,5.51023E+14,-1.6915035,4.5435963,16.192585,0
3871,551023576,5.51024E+14,-0.05327099,1.8854338,7.6800003,0
3876,551023756,5.51024E+14,0.35553896,2.8574798,6.0926447,0
3881,551023936,5.51024E+14,1.3449428,4.6082397,14.831481,0
3886,551024115,5.51024E+14,-0.28491,1.3341689,8.668806,0
3894,551024295,5.51024E+14,-0.56682724,3.0490158,4.6040497,0
3902,551024474,5.51024E+14,-1.9045875,5.533599,14.365211,0
3906,551024654,5.51025E+14,-2.3546975,2.1883004,8.234857,0
3912,551024833,5.51025E+14,-1.3682863,1.2826935,4.501099,0
3919,551025013,5.51025E+14,0.9840169,3.493739,13.081918,0
3926,551025192,5.51025E+14,-0.48482585,0.79607207,13.106459,0
3931,551025372,5.51025E+14,0.36990416,2.6647465,5.1768627,0
3939,551025552,5.51026E+14,-0.74639237,4.610634,11.839926,0
3946,551025731,5.51026E+14,-1.4820108,2.3624785,12.500726,0
3952,551025911,5.51026E+14,-0.24241292,1.7351977,5.8639984,0
3958,551026090,5.51026E+14,0.87567925,3.5122938,10.107122,0
3967,551026270,5.51026E+14,2.0290859,4.435259,14.147937,0
3974,551026449,5.51026E+14,-0.45789108,1.9500773,6.0543375,0
3979,551026629,5.51027E+14,-1.0085574,3.168726,5.8119245,0
3986,551026808,5.51027E+14,-0.30107087,5.9244523,17.673399,0
3992,551026988,5.51027E+14,-0.90859956,2.1984756,7.426215,0
3997,551027167,5.51027E+14,-0.5590461,2.3235726,4.4238863,0
4003,551027348,5.51027E+14,1.8866309,4.695628,13.700819,0
4010,551027527,5.51028E+14,0.10295067,2.3020248,7.3364325,0
4016,551027706,5.51028E+14,-0.15382746,3.1334114,4.3394904,0
4020,551027886,5.51028E+14,-2.107496,6.4966664,13.2908125,0
4026,551028065,5.51028E+14,-1.1917139,2.6928782,5.234922,0
4034,551028245,5.51028E+14,0.05746084,1.977012,5.6521115,0
4038,551028425,5.51028E+14,2.5091233,5.269039,14.683041,0
4044,551028604,5.51029E+14,-0.7350199,1.6418238,7.6045833,0
4050,551028783,5.51029E+14,0.16938977,3.3782187,5.173271,0
4056,551028963,5.51029E+14,-0.7751228,7.3328414,16.716316,0
4060,551029143,5.51029E+14,-1.2096704,2.3253684,8.071452,0
4067,551029323,5.51029E+14,-0.06584055,2.6252422,5.3199162,0
4076,551029548,5.5103E+14,-0.41240123,5.533,6.963536,0
4085,551029681,5.5103E+14,0.5859809,1.4371196,13.919291,0
4098,551029863,5.5103E+14,-0.28072014,2.7605145,4.565144,1
4104,551030045,5.5103E+14,-0.65421563,5.122993,15.175049,1
4110,551030220,5.5103E+14,-0.93373865,1.5011644,12.666524,1
4114,551030400,5.5103E+14,-0.18854338,1.4862007,5.6820393,1
4120,551030579,5.51031E+14,0.9672575,3.9504328,9.114726,1
4127,551030759,5.51031E+14,1.6352397,2.6725276,15.023616,1
4132,551030939,5.51031E+14,-0.45310268,1.6801311,5.271434,1
4137,551031118,5.51031E+14,-0.7715315,3.6715083,8.181585,1
4142,551031298,5.51031E+14,-0.12689269,4.231153,17.799692,1
4148,551031477,5.51031E+14,-0.4950012,1.9452889,5.8747725,1
4152,551031657,5.51032E+14,0.21428105,2.4474726,6.31351,1
4157,551031837,5.51032E+14,1.9009962,4.302979,16.375143,1
4163,551032016,5.51032E+14,-1.1605892,1.5771804,4.585495,1
4167,551032195,5.51032E+14,-0.6751649,3.1800983,7.4705076,1
4174,551032380,5.51032E+14,-2.3373394,5.1660886,14.76564,1
4181,551032555,5.51033E+14,-0.7422025,2.112883,6.782175,1
4186,551032734,5.51033E+14,0.004788403,2.1996727,4.4597993,1
4191,551032914,5.51033E+14,1.4808137,4.3077674,15.494077,1
4196,551033094,5.51033E+14,0.6997054,2.6090813,10.125677,1
4201,551033273,5.51033E+14,-0.66020113,3.2722752,3.9983168,1
4207,551033452,5.51033E+14,-1.6352397,5.0996494,14.313136,1
4210,551033638,5.51034E+14,-1.8884265,3.0184898,5.9902925,1
4217,551033811,5.51034E+14,-1.1593921,1.4760253,6.8982935,1
4223,551033992,5.51034E+14,0.9804256,3.667917,12.658743,1
4229,551034171,5.51034E+14,0.22565351,2.2529438,11.385626,1
4233,551034350,5.51034E+14,-0.6338649,2.3355439,3.9384618,1
4239,551034530,5.51035E+14,-1.1953052,4.4562078,9.852738,1
4244,551034709,5.51035E+14,-2.0817583,1.8956091,14.669872,1
4249,551034889,5.51035E+14,-0.08738836,2.1559787,6.1926026,1
4255,551035069,5.51035E+14,-0.53929394,2.914342,7.031172,1
4260,551035248,5.51035E+14,0.6254852,2.815581,16.374544,1
4264,551035428,5.51035E+14,-0.56682724,2.0655975,5.6682725,1
4270,551035609,5.51036E+14,-0.7691373,3.738546,8.074445,1
4276,551035787,5.51036E+14,-0.5907693,3.4278982,17.097593,1
4282,551035967,5.51036E+14,0.1412579,2.7497406,5.397129,1
4285,551036146,5.51036E+14,-0.6099229,3.128623,6.367978,1
4296,551036326,5.51036E+14,1.1133038,4.1036615,15.651495,1
4303,551036506,5.51037E+14,0.10295067,2.1583729,5.9878983,1
4306,551036685,5.51037E+14,-0.80564886,3.9791632,6.3458314,1
4312,551036865,5.51037E+14,-2.292448,4.11264,16.246454,1
4318,551037044,5.51037E+14,-0.736217,2.1871033,6.403891,1
4324,551037225,5.51037E+14,0.7541735,2.8933928,7.991845,1
4330,551037403,5.51037E+14,2.2918496,5.2486887,14.961965,1
4336,551037582,5.51038E+14,0.42437226,1.9129672,6.8186865,1
4342,551037762,5.51038E+14,0.15981296,3.3033998,6.4308257,1
4350,551037942,5.51038E+14,-1.0510546,4.505289,16.46253,1
4356,551038121,5.51038E+14,-1.6130934,1.7076644,8.093599,1
4364,551038304,5.51038E+14,-0.18854338,2.1481974,3.425504,1
4370,551038480,5.51038E+14,1.9835961,4.462792,15.303139,1
4375,551038660,5.51039E+14,0.46986207,2.0446482,8.892664,1
4382,551038839,5.51039E+14,0.41718966,3.0496144,4.4298716,1
4388,551039019,5.51039E+14,-1.3628993,5.3049526,11.922526,1
4394,551039199,5.51039E+14,-3.1621418,1.5544355,8.058883,1
4397,551039378,5.51039E+14,-0.10055647,1.4652514,5.5617304,1
4405,551039558,5.5104E+14,1.8686744,4.0521865,12.782044,1
4412,551039738,5.5104E+14,0.4878186,0.85413146,13.309367,1
4417,551039918,5.5104E+14,-0.6967127,2.2391772,4.1838675,1
4423,551040107,5.5104E+14,-1.6340426,4.4580035,11.316195,1
4430,551040277,5.5104E+14,-1.2898762,2.7760768,11.062409,1
4437,551040456,5.5104E+14,-0.59615624,1.8231846,4.6764746,1
4445,551040635,5.51041E+14,0.9720459,5.868787,8.413225,1
4463,551040815,5.51041E+14,1.4676456,1.4909891,13.8959465,0
4469,551040994,5.51041E+14,-0.5291186,1.7609353,6.5044475,0
4474,551041174,5.51041E+14,-0.38367084,4.446631,10.794857,0
4480,551041354,5.51041E+14,-1.0660183,2.2906525,15.907675,0
4486,551041533,5.51042E+14,-0.40521863,1.4059949,5.301361,0
4493,551041713,5.51042E+14,0.5895722,3.240552,9.475053,0
4496,551041892,5.51042E+14,2.5157075,3.453636,14.891934,0
4502,551042072,5.51042E+14,-0.009576807,1.520318,5.9621606,0
4509,551042252,5.51042E+14,-0.39025488,4.0132804,6.534375,0
4512,551042435,5.51042E+14,-0.19093758,5.005079,14.589666,0
4518,551042611,5.51043E+14,-0.8038532,1.893215,6.301539,0
4524,551042790,5.51043E+14,0.55844754,3.1866825,6.523601,0
4531,551042970,5.51043E+14,1.6861166,4.5220485,15.133749,0
4540,551043150,5.51043E+14,-0.30406362,1.6226702,4.9703627,0
4552,551043329,5.51043E+14,0.22146365,3.3626564,6.1524997,0
4558,551043508,5.51044E+14,-0.42676646,6.6510925,18.746,0
4564,551043688,5.51044E+14,-0.5907693,1.7549498,4.547188,0
4572,551043868,5.51044E+14,-0.29388827,2.586935,5.5264163,0
4578,551044048,5.51044E+14,2.1051018,5.0541596,13.9755535,0
4584,551044227,5.51044E+14,-0.077811554,1.5358804,6.8767457,0
4589,551044406,5.51044E+14,0.15382746,3.4039562,4.630386,0
4595,551044586,5.51045E+14,0.29568392,6.47033,15.815498,0
4602,551044765,5.51045E+14,-0.15801731,3.2393548,7.5590935,0
4610,551044945,5.51045E+14,0.25258827,2.321777,4.253299,0
4615,551045124,5.51045E+14,2.433706,4.549582,15.605407,0
4621,551045305,5.51045E+14,0.44651863,1.1348516,9.81503,0
4627,551045484,5.51045E+14,-0.46986207,2.6246436,3.6008794,0
4632,551045663,5.51046E+14,-0.74399817,5.885546,13.480553,0
4639,551045843,5.51046E+14,-2.3122003,0.8415619,8.985439,0
4645,551046022,5.51046E+14,0.11611878,1.2958617,5.866991,0
4650,551046202,5.51046E+14,1.2473791,4.770447,10.535685,0
4654,551046382,5.51046E+14,2.6910827,2.534861,11.968615,0
4659,551046561,5.51047E+14,-0.8571242,2.1458032,4.449025,0
4665,551046740,5.51047E+14,-1.2024878,4.2383356,9.943718,0
4669,551046920,5.51047E+14,-2.119467,2.4121583,14.393342,0
4675,551047100,5.51047E+14,-0.047285482,1.8698715,5.641338,0
4680,551047279,5.51047E+14,-0.10295067,3.8971617,8.381501,0
4686,551047460,5.51047E+14,-0.11971009,1.1474211,17.967886,0
4691,551047641,5.51048E+14,-0.31064767,1.7830818,5.075109,0
4696,551047818,5.51048E+14,-2.4959552,1.5711949,9.982025,0
4703,551047998,5.51048E+14,-1.6825253,3.3153708,16.926407,0
4707,551048178,5.51048E+14,-1.0175357,1.6430209,6.5948286,0
4713,551048357,5.51048E+14,-1.5837644,2.0829554,5.8843493,0
4719,551048536,5.51049E+14,1.9440918,3.4859576,16.277578,0
4724,551048716,5.51049E+14,-0.5931635,1.4808137,5.620987,0
4728,551048895,5.51049E+14,-1.3006501,1.2318168,7.547721,0
4734,551049076,5.51049E+14,-0.9828198,4.1826706,16.414646,0
4739,551049255,5.51049E+14,-1.2078748,1.6633717,6.4547677,0
4743,551049434,5.51049E+14,-1.3521254,1.5167267,6.308123,0
4748,551049614,5.5105E+14,2.0057425,3.6858735,16.347609,0
4754,551049793,5.5105E+14,-1.4532804,0.7044938,5.6299653,0
4759,551049973,5.5105E+14,-0.545878,1.7591397,5.4964886,0
4763,551050153,5.5105E+14,-0.9175778,4.425083,17.40405,0
4768,551050332,5.5105E+14,-0.99538934,2.0620062,9.303269,0
4773,551050513,5.51051E+14,-0.6619968,1.3359646,5.6269727,0
4780,551050692,5.51051E+14,2.7263973,4.268263,14.864401,0
4783,551050871,5.51051E+14,0.5554548,-0.08439561,9.1668,0
4789,551051051,5.51051E+14,0.545878,2.60968,6.4469867,0
4794,551051230,5.51051E+14,0.2908955,5.1559134,14.159308,0
4798,551051409,5.51051E+14,-1.0594343,1.7830818,10.0029745,0
4803,551051589,5.51052E+14,-0.079008654,2.248754,6.739079,0
4808,551051769,5.51052E+14,0.83497787,4.2102036,8.959702,0
4820,551052023,5.51052E+14,0.45010993,3.618836,13.955203,0
4834,551052131,5.51052E+14,-0.3393781,-0.623091,8.886678,1
4840,551052307,5.51052E+14,0.024540568,1.6645688,8.2037325,1
4846,551052487,5.51052E+14,-0.5955577,0.90021986,10.347141,1
4850,551052667,5.51053E+14,-1.163582,3.7014358,6.420052,1
4856,551052846,5.51053E+14,-0.4758476,3.1435869,9.46009,1
4863,551053026,5.51053E+14,-0.8984242,2.5192988,9.9712515,1
4898,551053407,5.51053E+14,-0.31902736,2.879626,9.700109,1
4898,551053407,5.51053E+14,-0.089782566,3.2225955,9.416395,1
4911,551053767,5.51054E+14,-0.15143326,3.0454245,9.803059,1
4911,551053767,5.51054E+14,-0.08259996,3.0107086,9.8198185,1
4926,551053924,5.51054E+14,0.18076223,3.2154129,8.676587,1
4932,551054103,5.51054E+14,0.37110126,3.4476504,9.523536,1
4939,551054283,5.51054E+14,0.49559975,3.3961751,9.551069,1
4944,551054462,5.51054E+14,0.2148796,3.4781766,9.147048,1
4950,551054642,5.51055E+14,0.3309984,3.5877113,9.22426,1
4961,551054822,5.51055E+14,0.40521863,3.6260185,9.3026705,1
4969,551055005,5.51055E+14,0.2088941,3.5583823,8.77834,1
4973,551055181,5.51055E+14,0.24480712,3.74094,9.087193,1
4979,551055360,5.51055E+14,0.3369839,3.8391025,9.164406,1
4985,551055541,5.51056E+14,0.091578215,3.6523547,9.085397,1
4993,551055722,5.51056E+14,-0.004788403,3.6792896,9.069236,1
5001,551055900,5.51056E+14,0.13706805,3.6062663,9.213487,1
5009,551056079,5.51056E+14,0.25378537,4.1144357,9.585785,1
5023,551056258,5.51056E+14,-0.350152,4.0695443,8.69155,1
5035,551056444,5.51056E+14,0.016759412,4.6046486,9.093178,1
5049,551056625,5.51057E+14,0.11492168,4.559757,8.48984,1
5063,551056811,5.51057E+14,0.035913024,4.71957,8.444948,1
5078,551056983,5.51057E+14,0.4830302,4.483143,9.431957,1
5087,551057167,5.51057E+14,-0.10654198,4.24073,8.6257105,1
