41234, 149642958, 149642958784321, -1.46585, -1.3269863, 9.870695,0
41280, 149643087, 149643087300623, -1.1815386, -0.8972271, 9.482835,0
41312, 149643266, 149643266648123, -0.57640404, -0.87089086, 10.06283,0
41332, 149643449, 149643449129477, -1.2180501, -0.75596917, 9.32362,0
41353, 149643626, 149643626079998, -1.4317327, -0.97384155, 9.712678,0
41380, 149643805, 149643805855311, -1.8166006, -1.1049241, 9.078813,0
41409, 149644043, 149644043045728, -1.2066777, -1.0941502, 9.683948,0
41423, 149644166, 149644166260259, -1.4460979, -1.2629414, 9.835979,0
41462, 149644344, 149644344976457, -8.352771, -2.8113914, 3.2615013,0
41495, 149644523, 149644523790207, -9.060258, -1.0348936, 1.1414356,0
41513, 149644704, 149644704549321, -8.889072, 0.4758476, 2.030283,0
41534, 149644883, 149644883082134, -10.414179, 0.28909984, -0.5674258,0
41556, 149645063, 149645063873071, -9.207501, -0.15502456, 1.7585411,0
41579, 149645243, 149645243368905, -10.21965, 0.045489833, 1.0785879,0
41599, 149645421, 149645421879738, -9.8994255, -1.4951789, 1.1761516,0
41624, 149645607, 149645607337342, -4.7638626, 0.53091425, 1.8459295,0
41647, 149645782, 149645782269426, -12.600085, 3.0723593, 3.1148565,0
41674, 149645961, 149645961903488, -6.021417, -0.18914193, -0.49679685,0
41690, 149646141, 149646141925259, -8.288726, 1.3700819, 1.596334,0
41713, 149646320, 149646320392758, -12.546215, 0.8643068, 0.15203181,0
41739, 149646500, 149646500232654, -13.046005, -3.6924577, 1.9596541,0
41760, 149646682, 149646682066405, -6.811504, 0.33279404, 1.5711949,0
41786, 149646858, 149646858460571, -14.570513, 4.5423994, 7.455544,0
41816, 149647037, 149647038022967, -7.5345526, -1.5652094, 4.4394484,0
41842, 149647218, 149647218557808, -6.417059, 1.0229226, 2.178125,0
41863, 149647397, 149647397256612, -12.4073515, 0.11791443, 1.9794062,0
41890, 149647576, 149647576537341, -13.013683, -3.0986955, 4.546589,0
41898, 149647682, 149647682426247, -5.9448028, 0.29987377, 1.7621324,0
41898, 149647682, 149647682643904, -5.9448028, 0.29987377, 1.7621324,0
41898, 149647682, 149647682821352, -5.9448028, 0.29987377, 1.7621324,0
41898, 149647683, 149647683028070, -5.9448028, 0.29987377, 1.7621324,0
41898, 149647683, 149647683231925, -5.9448028, 0.29987377, 1.7621324,0
41900, 149647708, 149647708277653, -5.170877, 0.36152446, 1.2659341,0
41902, 149647715, 149647715709372, -5.1301756, -0.14844051, 0.3752911,0
41907, 149647736, 149647737021403, -4.7339354, 0.030526072, 0.02873042,0
41911, 149647757, 149647757483018, -4.525041, 0.37948096, 0.34596214,0
41912, 149647775, 149647775586612, -5.180454, -0.12928689, -0.08379706,0
41914, 149647795, 149647795793435, -5.5467668, -0.37708676, 0.5638345,0
41914, 149647816, 149647816386612, -4.9464207, -0.08080431, 2.3666685,0
41918, 149647836, 149647836290570, -3.5434184, 0.34237084, 3.7541082,0
41920, 149647856, 149647856529424, -3.2902317, 0.58538234, 4.074931,0
41923, 149647878, 149647879006924, -4.644751, 0.54049104, 3.3135753,0
41925, 149647895, 149647895950518, -7.1544733, 1.38325, 4.9386396,0
41927, 149647915, 149647915681247, -12.752117, 4.1359835, 8.487445,0
41932, 149647935, 149647935604060, -19.6133, 6.7749925, 13.997701,0
41935, 149647955, 149647955454893, -17.964294, 4.1641154, 7.764396,0
41941, 149647990, 149647990330986, -12.750919, 3.549404, 1.2108675,0
41942, 149647995, 149647995489060, -12.98615, 1.7938557, 1.0468647,0
41943, 149648014, 149648014869008, -12.510303, -0.2801216, 0.65301853,0
41946, 149648035, 149648035510101, -13.312959, -3.0113072, 0.12509704,0
41948, 149648055, 149648055278174, -12.070368, -4.3406878, 4.0037036,0
41952, 149648079, 149648079638434, -11.071986, -4.851251, 6.8468184,0
41954, 149648095, 149648095753331, -8.556877, -1.7226281, 3.762488,0
41955, 149648115, 149648115550101, -5.3079453, 0.6997054, 0.37349546,0
41960, 149648135, 149648135623956, -3.321955, 1.0845734, 0.059855044,0
41963, 149648155, 149648155602653, -3.620033, 0.24480712, -0.17298107,0
41965, 149648175, 149648175880831, -6.432023, -0.86011696, -0.8643068,0
41972, 149648198, 149648198486039, -9.527725, -0.92416185, -1.2587515,0
41979, 149648215, 149648215949320, -12.0159, -1.5011644, 0.7745243,0
41984, 149648236, 149648236263747, -12.538434, -1.2467805, 2.7910407,0
41987, 149648256, 149648256062601, -10.233417, 0.45848963, 2.6013002,0
41989, 149648276, 149648276077706, -8.115746, 1.4413095, 0.6332663,0
41994, 149648296, 149648296276508, -6.301539, 1.7866731, -0.4333505,0
41995, 149648315, 149648315645049, -6.2243257, 1.4939818, -0.374094,0
42000, 149648335, 149648335264997, -7.2568254, 1.3335704, 0.6811504,0
42002, 149648355, 149648355253487, -8.565256, 1.1773487, 1.7729063,0
42003, 149648374, 149648374855622, -9.952697, 0.84814596, 1.8938135,0
42007, 149648394, 149648394520570, -11.288062, 1.067814, 1.228824,0
42008, 149648414, 149648414470258, -11.608287, 1.489792, 4.052785,0
42012, 149648434, 149648434839164, -10.231621, -0.49320555, 3.09271,0
42017, 149648454, 149648454656351, -11.273099, -0.47524905, 2.0446482,0
42025, 149648478, 149648478956299, -12.1811, 1.4526819, -5.985504E-4,0
42027, 149648494, 149648494166039, -12.932281, 2.5288756, -0.35075054,0
42027, 149648514, 149648514135883, -14.396934, 2.767697, 3.1292217,0
42028, 149648534, 149648534165518, -14.38616, 1.917157, 4.6710877,0
42029, 149648554, 149648554361560, -13.149554, 0.6099229, 2.8161798,0
42032, 149648577, 149648577779789, -12.881404, -0.035913024, 0.3298013,0
42032, 149648593, 149648593954581, -10.457274, -0.76434886, -1.5801731,0
42033, 149648613, 149648613727237, -9.487623, -2.2242134, 0.64823014,0
42034, 149648634, 149648634519164, -11.824963, -3.9725792, 5.756858,0
42037, 149648654, 149648654479008, -15.279197, -4.010886, 3.8911762,0
42041, 149648677, 149648677434164, -19.033304, -2.5342624, 0.0664391,0
42042, 149648694, 149648694220362, -16.163855, -1.8722657, 1.4610616,0
42050, 149648714, 149648714854789, -12.1044855, -1.3826514, 3.86903,0
42055, 149648734, 149648735040987, -9.9550905, -1.0115502, 3.7828386,0
42058, 149648754, 149648754581664, -7.901464, -0.80564886, 2.1589713,0
42063, 149648776, 149648776635518, -5.8143187, -1.0564415, 0.93732995,0
42065, 149648794, 149648794159476, -4.9506106, -1.1869255, 0.24720132,0
42066, 149648813, 149648814035466, -4.673482, -1.2006922, -0.094570965,0
42071, 149648834, 149648834583539, -3.9516299, -0.83737206, 0.30107087,0
42073, 149648853, 149648854040831, -3.751714, -0.7649474, 0.25617957,0
42077, 149648877, 149648877299424, -4.0641575, -0.6512229, -0.10295067,0
42079, 149648894, 149648894310726, -4.359243, -0.43634325, 0.89184016,0
42081, 149648913, 149648913712862, -4.0533834, -0.038905777, 2.083554,0
42086, 149648934, 149648934477237, -3.3572693, 0.46208093, 2.9239187,0
42091, 149648953, 149648953654372, -3.265691, 0.82240826, 5.378574,0
42101, 149648979, 149648979140726, -4.797382, 1.4790181, 4.4603977,0
42105, 149648993, 149648993536612, -8.641871, 4.0815153, 5.3408656,0
42106, 149649013, 149649013520362, -17.565659, 9.588778, 10.073604,0
42111, 149649034, 149649034763956, -19.6133, 6.685808, 16.200365,0
42113, 149649053, 149649053683643, -15.000272, 4.56694, 1.2294226,0
42118, 149649076, 149649076445153, -12.046426, 2.042254, -0.9223662,0
42120, 149649093, 149649093892029, -13.133393, 0.4201824, 3.6104562,0
42121, 149649113, 149649113323383, -12.791022, -1.163582, 1.8668787,0
42125, 149649133, 149649133930466, -12.725182, -2.9221232, -0.34356794,0
42128, 149649153, 149649153954893, -13.624205, -5.585074, 8.048708,0
42134, 149649176, 149649176328018, -12.813169, -1.8950106, 4.1216183,0
42135, 149649193, 149649193555674, -7.796119, 0.91099375, 0.47884035,0
42145, 149649212, 149649212967706, -4.03004, 1.34195, -0.021547815,0
42150, 149649234, 149649234734112, -3.2082303, 0.6805518, -0.1945289,0
42152, 149649253, 149649253835154, -4.497508, -0.4818331, -0.090381116,0
42156, 149649276, 149649276342185, -7.2382703, -1.4454993, -1.3970166,0
42158, 149649293, 149649293362862, -9.385869, -1.4311341, -1.6412252,0
42159, 149649313, 149649313143122, -12.281656, -1.6424223, 0.32142156,0
42164, 149649333, 149649333907966, -12.786234, 0.26396075, 2.4666264,0
42166, 149649353, 149649353190883, -11.047445, 1.2665327, 2.8808231,0
42171, 149649376, 149649376504060, -7.442376, 1.7591397, 1.7914615,0
42174, 149649393, 149649393208643, -5.2235494, 1.6136919, 1.1330559,0
42176, 149649413, 149649413534112, -4.687248, 1.1785458, 0.85891986,0
42181, 149649433, 149649433318643, -5.8843493, 1.115698, 0.19812019,0
42185, 149649453, 149649453132185, -8.447342, 0.83737206, -0.19393034,0
42196, 149649476, 149649476714737, -11.820772, 0.75237787, -0.09756372,0
42200, 149649492, 149649492400466, -14.194025, 1.1073183, 2.6713305,0
42201, 149649512, 149649512682133, -13.578116, 1.4137762, 11.395802,0
42206, 149649533, 149649533324945, -9.339781, -1.8650831, -1.0348936,0
42208, 149649552, 149649552601404, -10.257957, -0.65541273, 1.8914193,0
42209, 149649572, 149649572378435, -11.362283, 1.2348095, 0.9864111,0
42213, 149649592, 149649592376716, -12.559982, 1.839944, 1.5442601,0
42215, 149649612, 149649612408956, -13.657125, 1.970428, 3.8594532,0
42220, 149649633, 149649633364529, -12.535441, 1.6502035, 2.7760768,0
42223, 149649652, 149649652467081, -13.77504, 0.66259533, 1.5747862,0
42228, 149649678, 149649678657028, -12.406155, -0.6739678, 0.973243,0
42230, 149649692, 149649692372237, -9.752781, -2.4450784, 0.623091,0
42241, 149649711, 149649711955362, -9.050082, -3.1250317, 3.5637693,0
42245, 149649732, 149649732917810, -11.313202, -3.6391866, 4.3873744,0
42248, 149649751, 149649752027289, -14.392743, -3.0023289, 1.4335283,0
42253, 149649774, 149649774321143, -17.328035, -1.5783775, 0.34237084,0
42255, 149649792, 149649792325934, -16.40866, -1.1336545, 2.058415,0
42256, 149649811, 149649811826403, -12.672509, -1.1558008, 3.8019924,0
42261, 149649831, 149649831888640, -9.348161, -0.7942764, 3.1848867,0
42263, 149649851, 149649851876975, -7.343615, -0.599149, 1.2808979,0
42268, 149649875, 149649875809527, -5.071518, 0.29448682, 1.2054806,0
42270, 149649892, 149649892196611, -5.243302, -0.26276365, 0.6631939,0
42272, 149649911, 149649911829840, -5.568913, -0.6865373, 0.7140707,0
42278, 149649931, 149649931582653, -4.972757, -0.5153519, 0.6823475,0
42282, 149649951, 149649951627340, -4.8027687, -0.090979666, 0.7110779,0
42293, 149649974, 149649974451715, -5.0906715, 0.17896658, 1.0642227,0
42296, 149649991, 149649991576194, -4.5741224, 0.48602295, 1.6795325,0
42297, 149650011, 149650011100204, -3.2908301, 1.0857705, 2.6288335,0
42302, 149650031, 149650031497444, -3.0585926, 1.2988545, 2.777274,0
42304, 149650051, 149650051719372, -4.5202527, 1.210269, 2.496554,0
42310, 149650076, 149650076139527, -7.3591776, 1.9470845, 4.0737343,0
42312, 149650091, 149650091114423, -11.733384, 3.5045128, 8.063671,0
42313, 149650110, 149650110763798, -17.092804, 5.54138, 9.207501,0
42318, 149650130, 149650130490361, -18.580801, 4.4244847, 7.541735,0
42320, 149650151, 149650151919059, -14.00189, 2.7982233, 3.5763388,0
42323, 149650171, 149650171120985, -11.378444, 2.007538, 0.7200562,0
42326, 149650190, 149650191010933, -12.620436, 1.240795, 2.7222073,0
42335, 149650212, 149650212425621, -13.585897, -1.8734628, 1.5598224,0
42340, 149650231, 149650231183069, -14.549563, -4.0054994, 0.41718966,0
42344, 149650251, 149650251845465, -12.274473, -5.279215, 6.799533,0
42348, 149650277, 149650277449996, -12.139201, -3.74513, 5.8909335,0
42351, 149650290, 149650290561610, -9.223662, -1.1055226, 2.055422,0
42352, 149650310, 149650310427183, -5.4581814, 0.62009823, 0.16759412,0
42357, 149650330, 149650330488277, -3.056797, 0.7781156, -0.034715924,0
42359, 149650351, 149650351252860, -3.0346506, -0.21188685, 0.13826515,0
42364, 149650371, 149650371804840, -5.0703206, -1.1456255, -0.74519527,0
42366, 149650390, 149650390336767, -8.507795, -1.3892355, -2.433706,0
42368, 149650410, 149650410444683, -12.078748, -1.9141643, -0.64823014,0
42373, 149650430, 149650430246506, -12.862848, -0.6745663, 2.5659857,0
42378, 149650450, 149650450928225, -11.305421, 0.5177461, 3.6260185,0
42388, 149650472, 149650472352809, -7.9008656, 1.1887212, 1.9087774,0
42390, 149650490, 149650490193902, -5.3743844, 1.6346412, 0.5033809,0
42392, 149650509, 149650510020256, -5.0092683, 1.3970166, -0.25737667,0
42396, 149650530, 149650530684579, -6.2728086, 1.2515689, -0.52133745,0
42398, 149650550, 149650550668121, -8.677784, 1.1881226, -0.2837129,0
42403, 149650570, 149650570802340, -11.334151, 0.6596026, 0.56084174,0
42405, 149650590, 149650590189110, -13.441647, 0.93732995, 3.9354692,0
42406, 149650609, 149650609677913, -12.980763, 1.1420342, 7.9313917,0
42410, 149650630, 149650630385517, -10.970232, -1.7016789, -1.3838485,0
42413, 149650650, 149650650146663, -11.810597, 0.1340753, 2.336741,0
42418, 149650670, 149650670882965, -11.599907, 1.7603368, 0.5967548,0
42420, 149650689, 149650689577235, -12.381614, 2.0685902, 1.9213469,0
42430, 149650710, 149650710193069, -12.98196, 1.875857, 3.7110126,0
42435, 149650729, 149650730025204, -13.673884, 0.7679402, 3.2836475,0
42438, 149650749, 149650750018069, -13.476363, 0.10414778, 1.7770962,0
42442, 149650769, 149650769668642, -11.576564, -0.54408234, 0.35553896,0
42444, 149650789, 149650789599319, -9.32781, -1.5646108, -0.29388827,0
42447, 149650812, 149650812754163, -9.97185, -2.669535, 2.1332338,0
42449, 149650828, 149650828743381, -13.721768, -3.8618474, 5.719748,0
42450, 149650848, 149650848759006, -17.231668, -2.822764, 2.331354,0
42454, 149650869, 149650869666142, -18.770542, -2.4253263, 1.4407109,0
42456, 149650888, 149650889039579, -14.537593, -2.0907366, 3.09271,0
42459, 149650909, 149650909754110, -10.769119, -1.5269021, 3.930082,0
42464, 149650929, 149650929350569, -8.181585, -1.1210849, 2.1392193,0
42468, 149650949, 149650949985465, -5.3438582, -0.095169514, 1.3341689,0
42479, 149650970, 149650970513746, -4.3520603, -0.093972415, 0.6967127,0
42481, 149650988, 149650988602340, -4.537611, -0.4285621, -0.18315643,0
42483, 149651008, 149651008372236, -4.2299557, -0.39264908, -0.0664391,0
42485, 149651028, 149651028159423, -3.9252937, -0.22625206, -0.05925649,0
42487, 149651048, 149651048620465, -4.220379, -0.5129577, 0.45789108,0
42490, 149651068, 149651068365048, -4.5561657, -0.3250129, 1.5574282,0
42491, 149651088, 149651088028225, -4.1276035, 0.078410104, 1.9937714,0
42492, 149651107, 149651107859579, -3.3123782, 0.41000703, 2.9819782,0
42495, 149651127, 149651127444736, -3.321955, 1.0845734, 0.059855044,0
42507, 149651203, 149651203939423, -16.540941, 6.7731967, 8.191162,0
42508, 149651204, 149651204733850, -16.540941, 6.7731967, 8.191162,0
42508, 149651205, 149651205346663, -16.540941, 6.7731967, 8.191162,0
42510, 149651207, 149651207822913, -19.6133, 7.295731, 14.061745,0
42513, 149651228, 149651228075829, -16.691776, 4.7758336, 4.043208,0
42516, 149651248, 149651248355256, -10.379463, 3.5637693, -0.31423897,0
42519, 149651267, 149651267726715, -11.270704, 1.3000516, 1.7776948,0
42521, 149651289, 149651289268173, -11.893197, 0.044292733, 1.4257472,0
42523, 149651308, 149651308189631, -13.037625, -2.9131448, -0.10474633,0
42528, 149651329, 149651329145725, -13.226169, -5.395932, 2.7090392,0
42529, 149651348, 149651348832392, -14.025233, -5.607819, 7.8368206,0
42534, 149651368, 149651368577913, -12.834717, -2.3241713, 3.3680432,0
42536, 149651389, 149651389138277, -6.915652, -0.08499416, 2.1709423,0
42539, 149651408, 149651408951819, -3.9228995, 0.6332663, 0.37948096,0
42544, 149651428, 149651428284892, -2.835932, 0.18255788, 0.6380547,0
42549, 149651451, 149651451233850, -3.5990837, -0.8319851, 0.7469909,0
42560, 149651472, 149651472756507, -6.575675, -1.5807717, -1.4137762,0
42562, 149651489, 149651489445985, -10.753557, -1.9231426, -2.136825,0
42564, 149651508, 149651508728277, -13.6014595, -1.5472529, 0.8499416,0
42568, 149651528, 149651528360725, -12.294226, 0.19153613, 3.751714,0
42570, 149651547, 149651547549163, -8.651448, 1.0869676, 3.2555158,0
42574, 149651567, 149651567903486, -5.6670756, 1.4999673, 1.1935096,0
42576, 149651587, 149651587460256, -4.7177744, 1.6609775, -0.24301147,0
42577, 149651607, 149651607307600, -5.9412117, 1.2814964, -0.92176765,0
42581, 149651627, 149651627216038, -8.049306, 1.0809821, -0.65182143,0
42582, 149651646, 149651646914475, -10.46326, 0.7098808, 0.40102878,0
42587, 149651666, 149651666938694, -12.945449, 0.37229836, 1.0283096,0
42589, 149651687, 149651687761454, -13.214796, 0.581791, 1.5352819,0
42593, 149651707, 149651707200465, -12.045827, 1.377863, 8.10557,0
42596, 149651726, 149651726742496, -10.496181, -0.6344634, 1.09834,0
42597, 149651746, 149651746399215, -11.708245, 0.3286042, 2.4181437,0
42600, 149651766, 149651766187392, -12.4869585, 2.3744495, 0.5638345,0
42601, 149651786, 149651786577548, -13.26268, 2.460641, 2.054225,0
42602, 149651806, 149651806275465, -13.798383, 2.5893292, 4.5777135,0
42605, 149651826, 149651826086923, -13.650541, 1.6795325, 4.35625,0
42606, 149651845, 149651846006559, -12.822745, 0.43035775, 1.9237411,0
42609, 149651866, 149651866449006, -9.9928, -0.46986207, -0.85532856,0
42610, 149651885, 149651885819059, -8.271967, -2.1505916, -0.66020113,0
42611, 149651906, 149651906298381, -10.383653, -3.5344403, 3.6152446,0
42613, 149651926, 149651926541350, -13.995306, -4.2778397, 4.200627,0
42616, 149651949, 149651949694058, -18.588581, -3.1172507, 0.11971009,0
42618, 149651966, 149651966905777, -18.905214, -2.5276785, 1.6783354,0
42619, 149651986, 149651986248017, -14.243106, -2.1883004, 4.308366,0
42619, 149652005, 149652005189996, -10.549451, -1.364695, 3.9091327,0
42622, 149652025, 149652025564007, -7.381324, -0.7433996, 2.4911668,0
42622, 149652045, 149652045089684, -4.653131, -0.7278373, 2.4720132,0
42623, 149652064, 149652064871559, -3.0502129, -0.81881696, 1.5005659,0
42624, 149652085, 149652085027965, -3.0579941, -0.15741876, -0.031124622,0
42624, 149652104, 149652104967132, -3.281852, -0.11432313, 0.15741876,0
42625, 149652124, 149652124601975, -4.1802764, -0.43754035, 0.39504328,0
42626, 149652144, 149652144785257, -5.023035, -0.24061728, 0.5081693,0
42627, 149652164, 149652164642392, -5.1140146, 0.04309563, 0.9708488,0
42628, 149652184, 149652184521246, -4.473566, 0.24301147, 2.0458453,0
42629, 149652204, 149652204562132, -3.8456864, 0.7182605, 3.0520086,0
42631, 149652224, 149652224426246, -4.380192, 1.0241197, 3.9211037,0
42632, 149652244, 149652244536038, -6.071097, 1.376666, 3.7086184,0
42633, 149652265, 149652265143746, -9.221867, 3.702633, 4.768651,0
42634, 149652284, 149652284658434, -14.866197, 7.2203135, 10.910975,0
42635, 149652304, 149652304541923, -18.609531, 5.3061495, 10.160394,0
42636, 149652324, 149652324421611, -16.2692, 4.2880154, 2.902371,0
42637, 149652344, 149652344183798, -12.4390745, 2.8939912, 1.0737995,0
42638, 149652364, 149652364165205, -13.481152, 1.1234791, 2.4702177,0
42639, 149652384, 149652384097392, -13.381193, -0.8972271, 0.7882909,0
42640, 149652404, 149652404369370, -14.343662, -3.7948096, 0.14544775,0
42641, 149652424, 149652424478068, -12.342709, -6.8545995, 7.7847466,0
42643, 149652444, 149652444756662, -12.656947, -3.903746, 5.9184666,0
42645, 149652464, 149652464185879, -8.918402, -0.53450555, 1.9560628,0
42645, 149652484, 149652484019838, -5.1996074, 0.9816227, 0.39324763,0
42646, 149652504, 149652504212756, -3.570952, 0.79248077, -0.15083471,0
42647, 149652523, 149652523940933, -3.8612487, -0.107140526, 0.41120413,0
42648, 149652544, 149652544424006, -6.317101, -1.3389573, -0.30286652,0
42650, 149652564, 149652564317704, -8.81605, -1.2354081, -1.3575124,0
42651, 149652584, 149652584514839, -12.142793, -1.858499, -0.17238252,0
42652, 149652603, 149652603640777, -13.112444, -0.94211835, 1.9548657,0
42654, 149652623, 149652623826037, -10.8595, 0.6039374, 2.9215245,0
42654, 149652643, 149652643722131, -8.415619, 1.353921, 2.1086931,0
42656, 149652663, 149652663557391, -6.0172276, 1.5664065, 1.4850036,0
42657, 149652684, 149652684251610, -4.9039235, 1.0342951, 1.2395979,0
42660, 149652710, 149652710632391, -5.4144874, 0.89782566, 0.86251116,0
42661, 149652723, 149652723460985, -6.8869214, 0.7529764, 0.40880993,0
42661, 149652743, 149652743236558, -9.3978405, 0.51235914, 0.040102877,0
42663, 149652763, 149652763779422, -12.24275, 0.5979519, -0.2112883,0
42663, 149652783, 149652783720360, -14.750078, 1.8950106, 6.250662,0
42664, 149652803, 149652803168641, -13.864822, 2.1619642, 3.1794999,0
42665, 149652823, 149652823222027, -11.215638, -0.33518824, 0.79726917,0
42666, 149652843, 149652843413693, -10.783484, 1.7812861, 1.9440918,0
42668, 149652863, 149652863219527, -10.474632, 2.2331917, 0.9564836,0
42668, 149652883, 149652883235516, -12.509704, 2.047641, 2.806603,0
42669, 149652903, 149652903090412, -14.63755, 0.97862995, 3.6206315,0
42671, 149652923, 149652923170516, -14.638149, 0.15143326, 3.0867245,0
42671, 149652943, 149652943081870, -11.980585, -0.8870517, 0.9983821,0
42676, 149652963, 149652963401506, -9.252991, -1.6573862, -0.4997896,0
42676, 149652982, 149652982907600, -8.663419, -2.4390929, -0.58777654,0
42678, 149653003, 149653003951714, -11.371261, -3.4045548, 3.6834793,0
42681, 149653024, 149653024220047, -16.065094, -2.89459, 4.8518496,0
42683, 149653044, 149653044594787, -19.6133, -2.2140381, 2.6001031,0
42687, 149653064, 149653064855568, -16.96292, -2.4462755, 3.2638955,0
42689, 149653084, 149653084053954, -11.865065, -2.0428526, 3.5452142,0
42690, 149653104, 149653104522495, -8.136096, -1.4335283, 2.48578,0
42695, 149653124, 149653124614370, -5.2798133, -1.0654198, 1.7657237,0
42696, 149653144, 149653144631870, -4.4448357, -0.38726214, 0.6775591,0
42701, 149653163, 149653163693433, -4.5256395, -0.40701428, -0.46686932,0
42705, 149653184, 149653184096714, -4.4603977, -0.4201824, -0.032920275,0
42709, 149653204, 149653204883016, -4.642956, -0.090979666, 0.62009823,0
42718, 149653225, 149653225619526, -4.859631, -0.047884032, 0.7835025,0
42720, 149653244, 149653244539631, -5.104438, -0.31423897, 1.6328455,0
42725, 149653264, 149653264710620, -4.5980644, 0.2160767, 2.369661,0
42727, 149653283, 149653283721297, -3.888782, 0.5793968, 3.0909145,0
42729, 149653303, 149653303725204, -3.774459, 0.6440403, 3.342904,0
42734, 149653324, 149653324578954, -5.2840033, 0.6572084, 3.7594953,0
42735, 149653344, 149653344329995, -8.393473, 1.8064252, 4.973954,0
42739, 149653364, 149653364389943, -13.214796, 5.961562, 7.8888946,0
42741, 149653384, 149653384231922, -17.212515, 5.810129, 9.111135,0
42744, 149653404, 149653404233016, -17.547104, 4.7734394, 5.12838,0
42749, 149653423, 149653423654058, -12.667123, 3.5332432, 1.774702,0
42750, 149653444, 149653444062964, -13.192051, 1.508347, 2.1039047,0
42761, 149653465, 149653465490464, -12.995129, 0.28072014, 1.6807296,0
42763, 149653484, 149653484055412, -14.153922, -2.7754784, -0.034715924,0
42766, 149653503, 149653503990933, -13.124415, -4.6806645, 3.6655228,0
42770, 149653523, 149653523533381, -11.574169, -5.6509147, 7.8422074,0
42771, 149653543, 149653543804995, -10.016742, -2.1517887, 2.9071593,0
42776, 149653563, 149653563148381, -6.282984, 0.32920274, 0.7721301,0
42778, 149653583, 149653583851350, -4.313154, 0.85532856, -0.25198972,0
42780, 149653603, 149653603619475, -4.0013094, 0.24899697, -0.92535895,0
42784, 149653623, 149653623835308, -5.048773, -0.60812724, -0.98820674,0
42786, 149653642, 149653642783850, -7.4681134, -1.0785879, -1.5472529,0
42791, 149653662, 149653662924423, -10.231621, -1.4688427, -0.04249708,0
42793, 149653682, 149653682417548, -11.74715, -1.0833763, 1.8447324,0
42796, 149653706, 149653706311141, -10.982801, 0.22625206, 2.1906946,0
42801, 149653721, 149653721152703, -9.206305, 1.3120226, 1.271321,0
42802, 149653741, 149653741793173, -7.9409685, 1.7890673, 0.54647654,0
42805, 149653764, 149653764341974, -6.745663, 1.5801731, 1.1653777,0
42807, 149653781, 149653781916089, -6.575675, 1.2036849, 1.3018472,0
42809, 149653802, 149653802964214, -7.5333557, 0.90620536, 0.9139865,0
42813, 149653822, 149653822696454, -9.165004, 0.4441244, 0.16579847,0
42815, 149653849, 149653849189057, -11.538257, 0.6356605, 0.45070848,0
42816, 149653860, 149653860801245, -13.581109, 1.7369933, 6.5523314,0
42817, 149653881, 149653881098224, -11.437101, -0.4405331, 1.8938135,0
42818, 149653901, 149653901640673, -11.1893015, -0.25677812, 2.3451207,0
42823, 149653922, 149653922408485, -11.113884, 1.6406267, 0.53809685,0
42824, 149653941, 149653941518121, -11.741165, 2.654571, 0.12808979,0
42840, 149654022, 149654022490568, -13.295601, 2.9095535, 3.1238346,0
42841, 149654023, 149654023275464, -14.420277, 1.9315223, 4.050989,0
42841, 149654023, 149654023932912, -13.526641, 0.34476504, 3.41473,0
42843, 149654025, 149654025271870, -12.291832, -0.6961141, 0.58777654,0
42845, 149654041, 149654041621193, -9.65821, -1.228824, -2.4313118,0
42850, 149654061, 149654061854214, -9.988011, -3.1663318, -0.81343,0
42852, 149654081, 149654081577183, -14.419679, -5.4366336, 6.4631476,0
42854, 149654101, 149654101610673, -18.350359, -4.329315, 3.0909145,0
42858, 149654121, 149654121757704, -18.912397, -2.9658175, 1.1994951,0
42860, 149654141, 149654141242286, -15.168465, -2.3517046, 3.4512417,0
42866, 149654161, 149654161321661, -11.736377, -1.3018472, 4.3993454,0
42870, 149654182, 149654182392912, -8.458116, -0.6793547, 2.9658175,0
42873, 149654200, 149654200955932, -5.6868277, -0.5907693, 1.5987282,0
42882, 149654221, 149654221704839, -4.313154, -0.7691373, 0.82001406,0
42884, 149654241, 149654241046505, -3.964798, -0.41599256, -0.34356794,0
42889, 149654261, 149654261080151, -4.004901, -0.5955577, 0.0017956513,0
42891, 149654280, 149654280907130, -3.9324763, -0.82360536, 0.4854244,0
42893, 149654300, 149654300947599, -3.750517, -0.3705027, 0.76315176,0
42898, 149654321, 149654321132755, -3.9905357, -0.20530279, 1.1025299,0
42899, 149654340, 149654340642807, -3.8959646, -0.05686229, 1.6663644,0
42904, 149654362, 149654362305048, -3.4913447, 0.3728969, 2.794632,0
42906, 149654380, 149654380593536, -3.1148565, 0.7529764, 4.422689,0
42909, 149654401, 149654401067443, -4.421492, 0.96785605, 4.410718,0
42913, 149654421, 149654421212234, -8.564658, 2.678513, 4.147356,0
42916, 149654440, 149654440571297, -17.210718, 8.134899, 7.2460513,0
42925, 149654460, 149654461000568, -19.55105, 5.8586116, 13.563751,0
42927, 149654480, 149654480617182, -14.944009, 3.774459, 3.4117374,0
42931, 149654500, 149654500690776, -9.7803135, 2.6078842, 1.1252748,0
42935, 149654520, 149654520734057, -10.587758, 0.961272, 4.103063,0
42937, 149654540, 149654540374786, -12.151173, 1.1569979, 4.1018662,0
42941, 149654560, 149654560476713, -13.801974, -1.7938557, -1.0486604,0
42944, 149654579, 149654580020984, -4.7177744, 1.6609775, -0.24301147,0
42954, 149654683, 149654683862495, -3.915717, 0.6428431, -0.25617957,0
42954, 149654684, 149654684625516, -3.915717, 0.6428431, -0.25617957,0
42955, 149654686, 149654686099005, -3.915717, 0.6428431, -0.25617957,0
42956, 149654686, 149654686702599, -3.915717, 0.6428431, -0.25617957,0
42956, 149654687, 149654687293224, -3.6888664, 0.15741876, -0.39743748,0
42960, 149654700, 149654700392703, -5.643732, -1.1366472, -0.8858546,0
42969, 149654722, 149654722252183, -8.549694, -1.5119383, -1.6633717,0
42970, 149654739, 149654740018588, -11.96622, -2.1739352, 0.30645782,0
42975, 149654760, 149654760478953, -13.493122, -1.4646529, 2.3211784,0
42977, 149654779, 149654779933120, -11.224616, 0.10055647, 3.0897174,0
42979, 149654799, 149654800013953, -7.7344685, 0.8451532, 2.0679917,0
42983, 149654820, 149654820178745, -4.755483, 1.520318, 1.590947,0
42985, 149654839, 149654839696401, -3.2758665, 1.7357962, 1.4850036,0
42990, 149654862, 149654862282964, -4.396951, 1.3096284, 0.8822633,0
42992, 149654879, 149654879608276, -7.5830355, 1.0905589, -0.12270284,0
42993, 149654899, 149654899630047, -11.581352, 0.75596917, -0.95947635,0
42998, 149654919, 149654919689266, -14.867394, 0.79008657, -0.53450555,0
43001, 149654939, 149654939504161, -15.256452, 2.0141222, 5.239112,0
43011, 149654960, 149654960470463, -13.144167, 4.0857053, 7.0874357,0
43013, 149654979, 149654979405672, -9.741408, 0.4165911, 0.90620536,0
43016, 149654999, 149654999308693, -10.557233, 0.9115923, 0.34237084,0
43021, 149655019, 149655020001453, -12.764687, 2.521693, -1.7878702,0
43022, 149655039, 149655039152963, -15.510237, 2.345719, 0.8206126,0
43027, 149655059, 149655059574056, -15.228918, 1.3281834, 2.4037786,0
43030, 149655079, 149655079127232, -12.792818, -0.37708676, 2.9239187,0
43031, 149655099, 149655100015149, -12.239758, -1.2988545, 1.5340848,0
43036, 149655118, 149655118951817, -11.596914, -2.1068976, -0.10534488,0
43037, 149655138, 149655138900932, -9.825205, -2.5755625, -1.5173253,0
43044, 149655160, 149655160082390, -10.898406, -3.9917328, 2.2619221,0
43046, 149655178, 149655178906036, -13.663709, -4.359243, 6.205771,0
43050, 149655199, 149655199174577, -16.943766, -3.2615013, 1.965041,0
43059, 149655218, 149655218748379, -15.216349, -2.5617957, 2.2307975,0
43060, 149655238, 149655238265515, -11.696274, -2.0027497, 4.3059716,0
43065, 149655259, 149655259065202, -8.931569, -1.2078748, 4.8494554,0
43066, 149655278, 149655278525984, -7.2723875, -1.1725603, 2.7144263,0
43068, 149655298, 149655298765150, -5.2983685, -0.40521863, 1.6525977,0
43072, 149655318, 149655318358327, -4.1276035, -0.18136078, 0.4369418,0
43074, 149655338, 149655338404473, -3.481768, 0.15263036, -0.3238158,0
43078, 149655359, 149655359444786, -3.3171666, 0.38307226, 0.53330845,0
43080, 149655378, 149655378442182, -3.8564603, 0.4878186, -0.090381116,0
43083, 149655398, 149655399004786, -4.6842556, 0.18375498, 0.024540568,0
43087, 149655418, 149655418974525, -5.1942205, 0.14903906, 1.6124948,0
43089, 149655438, 149655438633640, -4.8680105, 0.4321534, 3.1040826,0
43099, 149655462, 149655462571869, -4.5124717, 0.7266402, 4.0503907,0
43101, 149655478, 149655478210098, -5.266645, 0.9068039, 3.891775,0
43103, 149655497, 149655498039786, -7.8326306, 2.0925324, 5.2343235,0
43109, 149655517, 149655517873952, -12.595895, 6.564901, 8.7532015,0
43110, 149655537, 149655537938171, -16.812084, 5.6323595, 10.772112,0
43115, 149655557, 149655557762077, -17.065271, 4.5777135, 4.9655743,0
43117, 149655577, 149655577945567, -11.534067, 3.6326025, 0.24779987,0
43119, 149655597, 149655597705359, -9.585785, 1.9446903, 1.1372458,0
43124, 149655617, 149655617663380, -11.672931, 0.760159, 2.0446482,0
43125, 149655637, 149655637701713, -13.5535755, -1.2276269, 0.025737667,0
43131, 149655658, 149655658948848, -14.622587, -4.197634, 1.2312182,0
43133, 149655677, 149655677691609, -15.828068, -6.1465144, 8.702325,0
43137, 149655697, 149655697255671, -14.147338, -2.9981391, 2.9269116,0
43146, 149655717, 149655717999109, -8.231864, -0.30107087, 1.4856021,0
43147, 149655737, 149655737673692, -4.3957543, 0.78529817, 0.039504327,0
43153, 149655757, 149655758000046, -3.0639796, 0.32142156, -0.5255273,0
43156, 149655777, 149655777454005, -3.321955, -0.62608373, -0.37110126,0
43158, 149655797, 149655797227702, -5.7724204, -2.0278888, -1.5275006,0
43163, 149655817, 149655817664317, -8.784326, -2.100912, -1.4975731,0
43164, 149655837, 149655837828015, -12.939463, -1.5580268, 1.0480618,0
43169, 149655857, 149655857139734, -14.152725, 0.02932897, 4.06715,0
43172, 149655877, 149655877212182, -10.225037, 1.1115081, 3.750517,0
43173, 149655896, 149655896984630, -6.257246, 1.4155718, 2.005144,0
43179, 149655917, 149655917370098, -3.4991257, 1.6166847, 0.85173726,0
43182, 149655936, 149655937026609, -3.9474401, 1.0564415, -0.0011971008,0
43192, 149655957, 149655957115098, -6.8228765, 0.830788, -0.90500826,0
43194, 149655976, 149655977023848, -10.540473, 0.6679823, -1.6424223,0
43197, 149655997, 149655998012754, -14.440627, 0.516549, -1.0534488,0
43200, 149656017, 149656017690723, -15.66586, 1.8112136, 5.33488,0
43202, 149656037, 149656037195098, -13.260286, 3.7762547, 10.864288,0
43207, 149656057, 149656057719421, -9.928755, -0.21667525, 0.6787562,0
43209, 149656077, 149656077211921, -10.542269, 0.093373865, 1.2000936,0
43210, 149656097, 149656097423848, -11.898584, 1.3365631, -0.4830302,0
43214, 149656116, 149656116821921, -13.690644, 2.0937295, 1.3760674,0
43216, 149656136, 149656136568640, -14.282012, 2.315193, 2.558803,0
43221, 149656157, 149656157328536, -13.1555395, 1.401805, 1.9165585,0
43224, 149656176, 149656176616921, -12.78803, 0.260968, 1.483208,0
43227, 149656197, 149656197597598, -11.430517, -0.9744401, 1.7770962,0
43236, 149656216, 149656216761088, -8.371924, -1.7483658, 0.5955577,0
43237, 149656236, 149656236614421, -7.3484035, -3.4207156, 1.1360487,0
43242, 149656258, 149656258199109, -12.797606, -4.6800656, 7.430405,0
43244, 149656276, 149656276298275, -16.04175, -3.3135753, 2.2888567,0
43246, 149656296, 149656296096973, -19.6133, -1.6639702, -1.1575965,0
43251, 149656316, 149656316215307, -18.930355, -2.0326772, 2.3840263,0
43253, 149656336, 149656336150255, -14.268245, -1.7292122, 3.0220811,0
43258, 149656356, 149656356423275, -9.998785, -1.0235212, 2.5312698,0
43260, 149656376, 149656376231400, -7.0754647, -0.82121116, 0.79966336,0
43261, 149656395, 149656395904525, -4.936844, -1.0552444, 0.89543146,0
43266, 149656415, 149656415972442, -3.9857473, -1.5370775, 0.94451255,0
43269, 149656435, 149656435844578, -3.3117795, -1.7322049, 0.47225627,0
43279, 149656456, 149656456830932, -2.8275523, -0.83258367, 0.044891283,0
43281, 149656475, 149656475776765, -3.0711622, -0.635062, 0.18854338,0
43284, 149656496, 149656496045880, -3.4105403, -0.9864111, 1.0648212,0
43288, 149656515, 149656515791400, -3.2519245, -0.53450555, 2.4408886,0
43290, 149656535, 149656535606400, -2.304419, 0.55246204, 3.0963013,0
43295, 149656555, 149656555510775, -2.4408886, 1.3467385, 3.1304188,0
43296, 149656575, 149656575763640, -4.455011, 2.0853498, 2.9406781,0
43298, 149656595, 149656595476088, -8.710705, 4.380192, 1.9249382,0
43303, 149656615, 149656615661765, -13.3386965, 4.5555673, 7.693767,0
43304, 149656635, 149656635419682, -18.398842, 4.2461166, 9.7324295,0
43308, 149656655, 149656655582234, -18.96507, 3.7499185, 5.0421886,0
43312, 149656675, 149656675362234, -13.372813, 2.457648, 4.0396166,0
43316, 149656698, 149656698496609, -14.499286, 1.572392, 3.7738605,0
43324, 149656715, 149656715971869, -15.643714, 0.64823014, 1.8082209,0
43325, 149656735, 149656735229942, -16.036364, -3.8265328, 0.5662287,0
43331, 149656755, 149656755716244, -13.643358, -6.803124, 7.7590094,0
43333, 149656775, 149656775227494, -9.949704, -4.0162735, 5.309741,0
43335, 149656795, 149656795511400, -7.9768815, -0.98581254, 0.1448492,0
43339, 149656814, 149656814944109, -4.9296613, 0.48602295, -1.4760253,0
43341, 149656834, 149656834806296, -3.3207579, 0.4794389, -0.8499416,0
43345, 149656854, 149656854880307, -3.570952, -0.30346507, -0.34835634,0
43347, 149656875, 149656875091765, -5.625177, -1.0522517, -0.7392098,0
43349, 149656894, 149656894482963, -9.248801, -1.4514848, -0.7086837,0
43353, 149656914, 149656914540255, -12.52766, -0.99419224, 1.0247183,0
43354, 149656934, 149656934131192, -12.425907, 0.047285482, 3.032855,0
43365, 149656957, 149656957168171, -9.507974, 0.92416185, 2.1517887,0
43366, 149656974, 149656974547807, -6.871359, 1.2695254, 0.54288524,0
43369, 149656995, 149656995086557, -5.868787, 1.1001357, -0.53211135,0
43374, 149657014, 149657014548900, -6.215348, 0.9331401, -0.65780693,0
43375, 149657034, 149657034476140, -7.5309615, 0.8463503, -0.31124622,0
43380, 149657054, 149657054752338, -9.843162, 0.75237787, 0.28909984,0
43382, 149657073, 149657073763796, -12.609662, 0.65062433, 0.54288524,0
43384, 149657093, 149657093861244, -13.907319, 0.79128367, 2.171541,0
43388, 149657114, 149657114960567, -12.4390745, 2.765303, 10.74398,0
43389, 149657133, 149657133695932, -10.701483, 0.24720132, 2.2679076,0
43394, 149657153, 149657153741088, -11.67712, 0.25438392, 2.4959552,0
43397, 149657174, 149657174784682, -13.332112, 1.7489643, -0.7152678,0
43399, 149657194, 149657194498119, -14.69561, 2.4331074, -0.060453594,0
43408, 149657214, 149657214791192, -14.559739, 2.208651, 2.814384,0
43410, 149657234, 149657234153953, -13.96059, 1.1749545, 2.9173348,0
43415, 149657255, 149657255649265, -11.987768, -0.4141969, 2.3959973,0
43418, 149657274, 149657274855880, -10.334572, -0.88166475, 0.7044938,0
43420, 149657294, 149657294548900, -9.206305, -1.34195, 0.10235212,0
43425, 149657313, 149657313703119, -8.751406, -2.337938, -1.5885528,0
43426, 149657334, 149657334733536, -11.44608, -4.964976, 3.615843,0
43431, 149657353, 149657353883848, -15.43063, -4.9721584, 7.2268977,0
43433, 149657373, 149657373868588, -18.927362, -2.8987796, 2.0099323,0
43434, 149657393, 149657393378119, -16.61217, -2.0404584, 2.3451207,0
43438, 149657412, 149657412564786, -12.340314, -1.3760674, 3.9612067,0
43439, 149657433, 149657433203640, -8.387487, -0.91817635, 3.1429882,0
43444, 149657453, 149657453107026, -5.927445, -0.4237737, 1.389834,0
43449, 149657473, 149657473568328, -4.4939165, -0.39504328, 0.03172317,0
43452, 149657493, 149657493963223, -3.7696705, -0.6787562, -0.45729253,0
43452, 149657513, 149657513764161, -3.894169, -0.39863458, 0.3453636,0
43453, 149657532, 149657532244005, -4.5178585, -0.075417355, 0.9427169,0
43454, 149657552, 149657552619161, -5.6042275, -0.40581718, 1.3617022,0
43455, 149657572, 149657572776349, -6.3272767, -0.3716998, 2.360683,0
43458, 149657595, 149657595249682, -4.672883, 0.24241292, 3.0825348,0
43459, 149657612, 149657612984109, -3.204639, 0.8283938, 3.5942953,0
43459, 149657632, 149657632820359, -3.5715504, 1.2521675, 4.204817,0
43464, 149657654, 149657654382181, -5.5659204, 1.99437, 4.1012673,0
43467, 149657673, 149657673400566, -9.503185, 3.7708676, 4.096479,0
43472, 149657697, 149657697209784, -14.046183, 4.413711, 5.9825115,0
43481, 149657716, 149657716606242, -17.49922, 4.155137, 6.8563952,0
43482, 149657733, 149657733361348, -14.764443, 3.7600937, 1.3563153,0
43488, 149657754, 149657754166087, -13.375208, 2.5133133, 1.4311341,0
43490, 149657774, 149657774570931, -15.037981, 1.7812861, 2.8736405,0
43495, 149657792, 149657792974577, -13.200431, 0.037708677, 1.3293805,0
43499, 149657813, 149657813107650, -11.855488, -4.800973, 3.9677908,0
43501, 149657833, 149657833566295, -11.9297085, -6.1890116, 7.807492,0
43505, 149657852, 149657852639577, -12.826936, -3.0412347, 2.321777,0
43508, 149657872, 149657872269629, -8.701726, -0.7032967, 1.0450691,0
43509, 149657892, 149657892095254, -5.463568, 0.6123171, -0.023942016,0
43512, 149657911, 149657911066243, -3.8241386, 0.82719666, 0.038905777,0
43513, 149657931, 149657931817598, -4.7147818, 0.13227965, 0.18076223,0
43516, 149657951, 149657951926764, -8.1756, -0.89902276, -0.81163436,0
43519, 149657971, 149657971327024, -10.796054, -1.264737, -0.5291186,0
43523, 149657998, 149657998476035, -11.860276, -1.6214731, 0.8619126,0
43526, 149658012, 149658012505254, -10.981006, -0.9235633, 1.917157,0
43527, 149658031, 149658031836296, -9.056067, -0.04070143, 1.775899,0
43539, 149658210, 149658210065983, -11.621455, 1.5328877, 0.10354923,0
43544, 149658389, 149658389679576, -8.368932, -2.4049757, 2.421735,0
43549, 149658569, 149658569561087, -3.3452983, -1.0552444, 0.18854338,0
43562, 149658750, 149658750215253, -11.490373, 4.279037, 4.9883194,0
43578, 149658930, 149658930922597, -13.502101, -2.4372973, 1.7142484,0
43597, 149659112, 149659112278171, -8.343194, 0.7212533, 2.379238,0
43619, 149659289, 149659289916555, -10.279505, -0.4985925, 1.5131354,0
43641, 149659468, 149659468913482, -8.617331, -3.2064347, 4.6938324,0
43657, 149659648, 149659648459264, -4.5196543, -1.3395559, 0.57400984,0
43683, 149659828, 149659828199472, -9.715072, 5.011064, 4.152743,0
43711, 149660007, 149660007807649, -12.093113, -0.7158663, 1.2282255,0
43728, 149660187, 149660187956972, -9.879075, 0.5093664, 2.6162639,0
43754, 149660366, 149660366980461, -10.703279, 1.6256629, 1.2024878,0
43779, 149660546, 149660546989940, -15.602414, -4.4765587, 3.1615434,0
43806, 149660726, 149660726670930, -3.3117795, 0.110731825, 0.2789245,0
43825, 149660913, 149660913678951, -18.103157, 6.3422403, 11.045051,0
43843, 149661085, 149661085140826, -3.892972, 1.7100586, -1.5502456,0
43867, 149661264, 149661264810982, -4.06715, 1.650802, 1.0336965,0
43883, 149661444, 149661444152961, -12.786234, 1.7345991, 3.1663318,0
43907, 149661624, 149661624582128, -15.172655, -3.9354692, 3.0693667,0
43932, 149661804, 149661804105044, -4.189853, -0.25258827, 0.35913026,0
43953, 149661982, 149661982692649, -17.873314, 5.3713913, 8.775947,0
43970, 149662161, 149662161536190, -3.1501708, 0.62728083, -0.85772276,0
43979, 149662340, 149662340466554, -4.867412, 1.0666169, -0.5554548,0
44002, 149662522, 149662522261867, -15.2809925, 2.0153193, 2.5360582,0
44023, 149662702, 149662702517284, -13.964181, -2.593519, 1.9578584,0
44047, 149662881, 149662881714315, -4.2640734, -0.8206126, 1.5346833,0
44071, 149663060, 149663060528949, -16.424822, 3.6936548, 1.2270284,0
44088, 149663239, 149663239947022, -3.9043443, 0.19153613, 0.11552023,0
44106, 149663420, 149663420585876, -3.083732, 0.46926352, -1.5819688,0
44135, 149663599, 149663599939262, -11.980585, 2.779668, 3.5733461,0
44162, 149663778, 149663778074783, -13.391369, -1.5664065, 4.711789,0
44195, 149664007, 149664007312699, -3.4703953, -0.22146365, 2.3948002,0
44206, 149664137, 149664137871137, -13.623607, 1.5981296, 4.0054994,0
44232, 149664318, 149664318359158, -5.0822916, -1.8148049, -0.41299978,0
44258, 149664497, 149664497767439, -7.7410526, 0.30945057, -2.3145945,0
44271, 149664676, 149664676123064, -13.042414, 2.9879637, 2.6755204,0
44300, 149664856, 149664856935199, -10.980408, -2.6396074, 5.3821654,0
44328, 149665038, 149665038435303, -4.189853, 0.7625532, 3.180697,0
44347, 149665215, 149665215082908, -14.081497, 1.9656396, 3.6727054,0
44365, 149665394, 149665394824783, -5.380968, -0.2088941, -0.10235212,0
44392, 149665575, 149665575631187, -7.793725, 0.8714894, -1.5598224,0
44421, 149665754, 149665754912855, -15.515624, 2.8161798, 2.9640217,0
44442, 149665934, 149665934391501, -13.061567, -2.3110032, 5.893926,0
44465, 149666113, 149666113475042, -4.4220905, 0.2801216, 4.3143516,0
44494, 149666292, 149666292520615, -15.688006, 1.5370775, 5.6748567,0
44521, 149666472, 149666472505147, -5.871181, -1.5310919, -0.58657944,0
44541, 149666652, 149666652552855, -13.159131, 1.9925743, 4.061165,0
44569, 149666832, 149666832183115, -12.013506, 1.2084733, 2.2152352,0
44596, 149667013, 149667013251605, -9.444528, -1.0067618, 5.2139726,0
44616, 149667191, 149667191315042, -4.0539823, 0.36870706, 4.231153,0
44638, 149667369, 149667369636709, -12.471995, 0.78410107, 3.205836,0
44667, 149667550, 149667550305354, -6.8887167, -2.0548236, -1.252766,0
44694, 149667731, 149667731183635, -14.3897505, 1.762731, 2.0242975,0
44712, 149667909, 149667909547073, -11.874043, 0.22804771, 0.78888947,0
44741, 149668089, 149668089671708, -9.019556, -1.1935096, 3.5098996,0
44768, 149668267, 149668267570927, -3.317765, 0.6859388, 3.9534256,0
44791, 149668447, 149668447905250, -10.323798, -1.2455834, 0.4381389,0
44816, 149668627, 149668627784988, -8.026561, -2.1757307, 0.11252748,0
44842, 149668806, 149668806290249, -17.599178, 3.7361517, 5.228338,0
44871, 149668986, 149668986666447, -11.443087, 0.3393781, 0.24660277,0
44887, 149669165, 149669165665040, -5.94181, -0.61052144, 2.35769,0
44912, 149669345, 149669345883478, -4.9518075, 1.3084313, 4.441244,0
44939, 149669524, 149669524805822, -15.699379, -4.2634745, 8.318055,0
44964, 149669706, 149669706629572, -11.508329, -1.7824832, 2.96881,0
44985, 149669884, 149669884371082, -11.890802, -0.46148238, 0.5279215,0
45011, 149670064, 149670064367436, -10.857106, -1.7459716, -0.9355343,0
45040, 149670244, 149670244068166, -5.070919, -0.027533319, 1.4431051,0
45061, 149670423, 149670423188322, -5.1116204, 3.4356794, 3.8899791,0
45085, 149670603, 149670603114207, -13.2351465, -4.7961845, 6.8719573,0
45111, 149670782, 149670782545770, -10.119094, -1.3868413, -0.45848963,0
45131, 149670962, 149670962189989, -9.79827, -0.5530606, -0.6135142,0
45155, 149671141, 149671141896864, -12.3834095, -3.2944214, 4.0360255,0
45183, 149671320, 149671320976498, -4.461595, -1.01574, -0.13227965,0
45207, 149671500, 149671500926707, -11.149797, 5.431845, 4.5681367,0
45229, 149671679, 149671679586603, -12.248735, -0.5746084, -1.0223241,0
45249, 149671858, 149671858869675, -7.8027034, 0.5470751, 2.695871,0
45275, 149672039, 149672039605925, -12.001534, 0.8319851, 2.2631192,0
45302, 149672222, 149672222336081, -12.844294, -4.252701, 1.6627731,0
45312, 149672397, 149672398036862, -3.9151182, -0.2885013, 0.107739076,0
45338, 149672578, 149672578483268, -15.937602, 5.3396683, 4.669292,0
45361, 149672760, 149672760513112, -3.4045548, 0.7080852, -1.5945383,0
45379, 149672937, 149672937722800, -8.397662, 1.4395138, 0.7846996,0
45403, 149673115, 149673115320977, -15.898098, 1.8441339, 1.5951369,0
45428, 149673296, 149673296878946, -17.876307, -3.3022027, 2.6168625,0
45454, 149673475, 149673475397435, -4.23654, -0.8936358, 1.5897499,0
45471, 149673657, 149673657972018, -17.484856, 0.86370826, 1.9572599,0
45493, 149673835, 149673835881966, -4.1120415, -0.8631097, -2.0272903,0
45519, 149674014, 149674014548269, -9.991602, 4.753089, 5.7335143,0
45537, 149674194, 149674194452175, -15.301343, 3.2381577, 3.4207156,0
45563, 149674373, 149674373548321, -8.941146, -2.1703439, 4.8548427,0
45589, 149674554, 149674554306654, -3.5529952, 0.076015905, 3.7056258,0
45613, 149674733, 149674733878059, -12.797606, 1.1522095, 6.283582,0
45632, 149674912, 149674912523475, -5.8005524, -1.7124528, -1.8620903,0
45653, 149675092, 149675092682486, -9.668385, 4.092888, -1.572392,0
45680, 149675270, 149675270509673, -14.161703, 0.9295488, 1.9494787,0
45701, 149675455, 149675455791600, -5.5443726, 0.6051345, 2.4259248,0
45717, 149675630, 149675630827121, -2.7593174, -0.25019407, 4.092888,0
45740, 149675810, 149675810160090, -11.92492, -6.3949127, 3.5482068,0
45764, 149675989, 149675989481027, -9.77792, -2.9287071, -0.7212533,0
45783, 149676168, 149676168869204, -16.573263, 1.8800468, 2.1709423,0
45809, 149676350, 149676350192694, -11.501146, -0.53211135, 0.6171055,0
45833, 149676528, 149676528700871, -5.6443305, -0.41060558, 2.0398598,0
45854, 149676712, 149676712254204, -4.435259, 2.6821043, 3.1956608,0
45876, 149676887, 149676887110715, -11.7064495, -7.5405383, 8.312668,0
45906, 149677067, 149677067774100, -11.458051, -1.2683283, 1.0205284,0
45933, 149677246, 149677246075090, -9.391854, -0.4818331, -0.5093664,0
45950, 149677426, 149677426682173, -10.485406, -1.1438298, 1.1402385,0
45977, 149677606, 149677606767432, -5.0122614, 0.30705637, 1.0935516,0
46002, 149677785, 149677785101912, -5.9968767, 2.2469583, 2.6324248,0
46031, 149677964, 149677964645141, -14.478935, -5.587468, 9.737817,0
46049, 149678144, 149678144173214, -11.603498, -1.2503718, -0.0700304,0
46075, 149678323, 149678323565818, -12.236765, 0.13587095, -1.4951789,0
46101, 149678503, 149678503749099, -9.488221, -0.7194576, -0.12330139,0
46118, 149678683, 149678683147120, -5.295376, -0.9756372, -0.010773907,0
46145, 149678863, 149678863192901, -9.248202, 5.064934, 1.6795325,0
46173, 149679042, 149679042820974, -11.395802, -0.98940384, 1.8590976,0
46199, 149679221, 149679221686235, -6.633734, -0.6817489, -0.219668,0
46219, 149679401, 149679401134620, -11.6855, 0.9367314, 0.27114335,0
46244, 149679581, 149679581315453, -13.153146, -4.9613843, 3.2680852,0
46259, 149679759, 149679759617432, -3.863643, -0.12988544, 0.23702596,0
46272, 149679939, 149679940003734, -13.280637, 4.8081555, 3.6314054,0
46297, 149680120, 149680120553109, -8.221688, 0.025737667, 1.5508442,0
46312, 149680299, 149680299710870, -6.2620344, 0.18076223, 0.130484,0
46334, 149680479, 149680479635661, -10.539874, -0.095169514, 0.3890578,0
46353, 149680658, 149680658956286, -12.48217, -3.2638955, 3.0986955,0
46376, 149680838, 149680838817901, -4.3424835, -0.5129577, -0.6931214,0
46404, 149681017, 149681017917484, -12.926295, 4.4777555, 5.5922565,0
46421, 149681197, 149681197217380, -7.61416, -0.45370123, 1.1456255,0
46440, 149681376, 149681376511807, -6.425439, -0.19752164, 0.076614454,0
46464, 149681556, 149681556674932, -12.307992, 1.6352397, 1.6484078,0
46487, 149681735, 149681735942797, -13.22976, -3.7984009, 1.927931,0
46506, 149681916, 149681916082588, -4.900931, -1.1097125, -1.2066777,0
46532, 149682095, 149682095136338, -11.699266, 4.782418, 2.6928782,0
46558, 149682275, 149682275247640, -8.605958, -0.7392098, 1.5412674,0
46581, 149682454, 149682454060036, -6.533178, 0.035913024, 0.7188591,0
46604, 149682633, 149682633914047, -11.699865, 0.95229375, 3.0986955,0
46633, 149682813, 149682813175245, -11.250953, -2.4193408, 0.6398504,0
46661, 149682992, 149682992933734, -5.3941364, -1.0480618, 0.20051439,0
46678, 149683172, 149683172127953, -10.511743, 4.970961, 1.7788919,0
46704, 149683352, 149683352958630, -7.551312, -0.47465047, 0.86011696,0
46731, 149683531, 149683531136963, -7.2753806, 0.46148238, 0.2669535,0
46761, 149683710, 149683710828629, -12.375628, 0.24480712, 3.781043,0
46788, 149683948, 149683948204671, -11.349114, -3.928885, 2.7084408,0
46806, 149684070, 149684070953577, -3.815759, -0.8738836, 0.11611878,0
46834, 149684250, 149684250107743, -12.212224, 4.779425, 2.822764,0
46852, 149684429, 149684429202275, -7.065289, -1.1258733, 3.506907,0
46876, 149684608, 149684608037066, -7.6692266, 0.6727707, -0.35075054,0
46898, 149684789, 149684789997535, -13.654132, 0.7637503, 1.3341689,0
46923, 149684969, 149684969295191, -15.704167, -3.819949, 1.2940661,0
46943, 149685147, 149685147273212, -4.367024, -0.9163807, 1.0588357,0
46967, 149685327, 149685327970191, -12.537237, 3.9576154, 3.9043443,0
46995, 149685507, 149685507557586, -7.4968443, -0.93014735, 2.5133133,0
47016, 149685686, 149685686802639, -8.790312, -0.12569559, 0.25977087,0
47039, 149685866, 149685866595503, -12.9652, 1.8794483, 1.7914615,0
47068, 149686044, 149686044959982, -17.141886, -2.5959132, 0.8355764,0
47087, 149686224, 149686224471597, -4.1653123, -0.3573346, 1.3718776,0
47105, 149686405, 149686405409618, -12.694057, 3.3943794, 2.9376855,0
47133, 149686583, 149686583736701, -7.9092455, 0.051475335, -0.21068975,0
47160, 149686764, 149686764594670, -8.801085, 0.89543146, 1.2395979,0
47181, 149686943, 149686943298368, -14.322115, 1.1013328, 1.7830818,0
47206, 149687123, 149687123220087, -13.729549, -3.608062, 1.3515269,0
47234, 149687303, 149687303237743, -5.765238, -0.6721721, 2.2343888,0
47262, 149687482, 149687482537639, -13.691242, 3.9923313, 4.9003325,0
47281, 149687662, 149687662383576, -7.4974427, -0.029927522, 0.7194576,0
47310, 149687840, 149687840695034, -9.044097, 0.4938041, 0.78410107,0
47340, 149688025, 149688025464045, -13.409924, 1.2336124, 1.757344,0
47360, 149688200, 149688200993418, -12.715007, -4.530428, 3.2908301,0
47386, 149688380, 149688380370918, -4.0539823, -0.4770447, 1.822586,0
47413, 149688560, 149688560231127, -9.794679, 4.605247, 3.4632127,0
47441, 149688738, 149688738845241, -6.3739634, 0.017956512, 0.50876784,0
47461, 149688922, 149688922339461, -8.177995, 1.01574, 2.1990743,0
47488, 149689098, 149689098764356, -13.071144, 1.2611457, 2.2930467,0
47516, 149689277, 149689277975762, -12.7575035, -3.9360676, 1.8608932,0
47543, 149689457, 149689457447846, -4.174889, -0.7332243, 1.9087774,0
47562, 149689636, 149689637004148, -12.357074, 4.435259, 3.3273418,0
47590, 149689816, 149689816819981, -9.679159, -0.21068975, 0.9008184,0
47614, 149689995, 149689996008158, -9.085397, 0.53330845, 0.8182184,0
47634, 149690176, 149690176259148, -12.852075, 1.6597804, 1.7537527,0
47649, 149690354, 149690354671023, -15.111603, -2.059612, 0.8882488,0
47663, 149690533, 149690533208367, -4.59567, -0.9540894, 2.0721815,0
47673, 149690713, 149690713634825, -11.024101, 3.9336734, 3.679888,0
47679, 149690892, 149690892991544, -9.569624, -0.4938041, -0.09816227,0
47687, 149691072, 149691072757742, -10.065823, 1.1761516, 0.6452374,0
47693, 149691251, 149691251286231, -14.547768, 2.6641479, 1.2946646,0
47698, 149691430, 149691430707272, -18.072033, -3.152565, 2.231396,0
47707, 149691610, 149691610346074, -3.6140475, -0.23942018, 1.1234791,0
47716, 149691789, 149691789795083, -11.6442, 1.0540473, 2.1170728,0
47722, 149691969, 149691969299511, -8.104971, 0.25438392, 1.1797429,0
47726, 149692149, 149692149283053, -8.705916, 1.2773066, 0.8439561,0
47738, 149692329, 149692329345657, -15.5120325, 2.9041667, 2.308609,0
47763, 149692509, 149692509978782, -14.632164, -2.207454, 3.1669302,0
47780, 149692689, 149692689453522, -5.309741, -0.20171149, 3.674501,0
47805, 149692869, 149692869103730, -12.570756, 2.658761, 7.4208283,0
47828, 149693049, 149693049625553, -7.6488757, -0.78050977, -0.04129998,0
47854, 149693229, 149693229922532, -8.422203, 1.471237, -0.4770447,0
47868, 149693407, 149693407359095, -14.862007, 2.0242975, 1.4766239,0
47891, 149693587, 149693588040501, -12.357672, -2.0009542, 3.1010897,0
47914, 149693766, 149693766955449, -4.785411, 0.23463176, 3.9522285,0
47932, 149693948, 149693948145657, -19.6133, 3.8115692, 9.03452,0
47954, 149694126, 149694126919511, -7.865551, -1.4161704, 0.80445176,0
47979, 149694305, 149694305713886, -7.7787614, 1.0839748, 0.9091981,0
48000, 149694485, 149694485680969, -14.404116, 2.2056582, 1.7190368,0
48021, 149694664, 149694664187948, -13.156737, -2.0242975, 3.2118216,0
48043, 149694845, 149694845419094, -4.775235, 1.127669, 3.7241807,0
48071, 149695023, 149695023844250, -17.365145, 2.4139538, 7.6800003,0
48093, 149695205, 149695205906177, -7.417237, -1.4867992, -0.6835446,0
48105, 149695383, 149695383919250, -7.390302, 1.074398, -0.81402856,0
48133, 149695562, 149695562516229, -14.109031, 0.94690675, 2.8682537,0
48158, 149695742, 149695742145500, -10.26514, -0.8475474, 2.7754784,0
48169, 149695920, 149695920208885, -3.6056678, 0.092176765, 4.349067,0
48184, 149696100, 149696100334406, -14.0629425, -3.4332852, 2.5803509,0
48193, 149696279, 149696279532895, -7.1688385, -1.0408791, -0.37229836,0
48205, 149696458, 149696458906854, -9.186552, 1.2234371, -1.0456676,0
48212, 149696639, 149696639718989, -11.853693, 0.39025488, 1.2982559,0
48233, 149696820, 149696820419613, -5.843049, -1.8914193, 0.5422867,0
48261, 149697000, 149697000632530, -4.07134, 0.90979666, 4.797382,0
48277, 149697179, 149697179360551, -12.447454, -3.1028855, 2.3798366,0
48304, 149697357, 149697357826020, -7.1832037, -1.0031705, 1.0911574,0
48328, 149697539, 149697539113259, -10.660183, 0.9056068, -2.0488381,0
48350, 149697717, 149697717588572, -10.116699, -0.43634325, 0.02932897,0
48364, 149697896, 149697896691593, -6.169858, 0.23044191, 1.0965444,0
48381, 149698075, 149698075944978, -5.368997, 1.8968062, 4.548983,0
48397, 149698254, 149698254952426, -13.339294, -1.2186487, 1.5568297,0
48404, 149698434, 149698434180655, -8.038532, -0.75716627, 1.0049661,0
48416, 149698614, 149698614107739, -12.049418, 0.7679402, 0.5686229,0
48425, 149698793, 149698793650082, -9.865907, -0.5638345, 0.8295909,0
48434, 149698972, 149698972870187, -4.2640734, 0.050278235, 0.40701428,0
48443, 149699152, 149699152671697, -7.451953, 1.8770541, 4.474763,0
48461, 149699338, 149699338246384, -8.423999, -1.9734207, 3.8899791,0
48488, 149699513, 149699513330707, -6.0627174, -0.87567925, -0.24480712,0
48510, 149699693, 149699693251852, -12.789825, 0.7206547, 4.6004586,0
48533, 149699873, 149699873232009, -11.053431, -0.6841431, 1.6412252,0
48562, 149700052, 149700052600915, -6.4589577, -0.83378077, 0.29029694,0
48590, 149700231, 149700231933415, -7.868544, 3.264494, 6.3548098,0
48610, 149700410, 149700410975914, -8.923788, -1.9722236, 2.0332758,0
48636, 149700590, 149700590927736, -8.37372, -0.7368156, 0.5626374,0
48664, 149700770, 149700770656695, -13.54759, 0.7308301, 2.3624785,0
48685, 149700949, 149700949638049, -10.83077, -1.5478514, -0.49440265,0
48709, 149701130, 149701130100340, -5.469554, -0.17717093, -0.15083471,0
48737, 149701308, 149701308486018, -8.456919, 2.9574378, 4.223372,0
48762, 149701487, 149701487623570, -6.9090676, -2.1374235, 3.032855,0
48779, 149701668, 149701668747893, -6.1076083, -1.049259, -0.073621705,0
48805, 149701847, 149701847345445, -11.428123, 1.1911154, 0.6961141,0
48830, 149702027, 149702027791955, -10.946889, -0.10654198, -0.034715924,0
48857, 149702210, 149702210118413, -5.473145, 0.20410569, 1.1683705,0
48875, 149702390, 149702390196018, -6.242881, 2.4199393, 4.1880574,0
48896, 149702565, 149702565479247, -11.909956, -3.0759506, 0.78888947,0
48913, 149702743, 149702743972164, -7.817667, -1.4526819, 1.2318168,0
48917, 149702923, 149702923246018, -8.30369, 1.2479776, -2.0428526,0
48926, 149703103, 149703103240081, -12.228984, 1.0295067, 1.5640123,0
48938, 149703282, 149703282897789, -8.76637, -1.5735891, 2.4887726,0
48955, 149703463, 149703463126747, -5.266645, 2.292448, 3.7900212,0
48963, 149703644, 149703644686955, -16.82645, -2.5091233, 1.5915456,0
48973, 149703821, 149703821724299, -10.280702, -0.7565677, 0.6877344,0
48982, 149704001, 149704001077736, -7.7614036, 0.9403227, -2.7832594,0
48988, 149704181, 149704181071486, -13.649942, 1.1258733, 1.8561049,0
48998, 149704359, 149704360004038, -8.92319, -1.3545196, 1.7435774,0
49006, 149704539, 149704539850444, -4.2275615, 0.7128736, 3.2453403,0
49027, 149704722, 149704722365497, -16.394297, -2.8927941, 2.712032,0
49041, 149704899, 149704899867630, -8.684368, -0.8038532, -0.5518635,0
49058, 149705079, 149705079849037, -8.08881, 1.151611, -1.3736732,0
49082, 149705260, 149705260356433, -13.430274, 0.25378537, 1.6071079,0
49089, 149705438, 149705438051069, -11.078569, -1.0031705, 2.7222073,0
49103, 149705617, 149705617283673, -4.5286326, 0.801459, 3.5565867,0
49130, 149705798, 149705798567371, -14.628572, -1.5041572, 0.89184016,0
49155, 149705977, 149705977503881, -7.608773, -0.97025025, 0.009576807,0
49175, 149706157, 149706157625339, -7.0503254, 0.83018947, -1.685518,0
49201, 149706337, 149706337626849, -13.520057, 1.644218, 1.7202339,0
49224, 149706516, 149706516865131, -8.22528, -1.3940239, 2.0769699,0
49246, 149706698, 149706698593933, -3.7858315, 0.9091981, 5.1259856,0
49266, 149706874, 149706874237683, -17.3424, -0.997185, 0.5919664,0
49288, 149707055, 149707055872162, -9.46009, -1.8351556, -0.27952304,0
49314, 149707234, 149707234760495, -9.19134, 2.3870192, -1.4993688,0
49335, 149707414, 149707414584922, -12.358271, 1.9590555, 1.9393034,0
49362, 149707593, 149707594037266, -13.816938, -2.1140802, 4.545392,0
49390, 149707774, 149707774638464, -5.1277814, 0.8984242, 2.2744915,0
49412, 149707967, 149707967845860, -11.889007, 3.9683893, 4.4298716,0
49430, 149708136, 149708136190130, -5.6616883, 0.13946225, -0.56982,0
49456, 149708312, 149708313001172, -11.139024, 1.1522095, -0.53091425,0
49475, 149708493, 149708493487787, -12.561778, -0.3345897, 4.350863,0
49495, 149708671, 149708671664350, -6.4260373, -2.8113914, 11.798027,0
49512, 149708849, 149708850034557, -0.6979098, -1.584363, 9.424775,0
49534, 149709031, 149709031183047, -3.376423, -3.0268695, 12.810775,0
49561, 149709209, 149709209671068, 1.6573862, -1.2306197, 11.728596,0
49577, 149709390, 149709390368411, 2.484583, -2.6120741, 19.612701,0
49595, 149709568, 149709568772734, -0.19812019, -1.851915, 10.596138,0
49618, 149709748, 149709748543099, 1.1019313, -0.7188591, 8.808268,0
49637, 149709928, 149709928204088, 1.2389994, -0.415394, 9.907207,0
49674, 149710107, 149710107482525, 1.8495208, -0.15263036, 10.185533,0
49734, 149710288, 149710288493827, 2.0069396, -0.37708676, 9.846154,0
49783, 149710467, 149710467696588, 2.384625, -0.55485624, 10.431537,0
49798, 149710646, 149710646786327, 2.106299, -0.2717419, 9.287707,0
49823, 149710826, 149710826823515, 2.2691047, -0.52852005, 10.172963,0
49847, 149711005, 149711006028411, 2.3702598, -0.8583213, 9.721656,0
49867, 149711186, 149711186176692, 2.574964, -0.7769185, 9.605537,0
49892, 149711364, 149711364594088, 2.830545, -0.53091425, 9.640852,0
49932, 149711544, 149711544452838, 2.4594438, -0.88405895, 9.282919,0
49961, 149711723, 149711723315494, 2.441487, -0.56682724, 9.736021,0
49979, 149711910, 149711910971952, 2.0506337, -0.21188685, 9.314043,0
50002, 149712082, 149712082919036, 1.8429368, -0.24121583, 9.586384,0
50029, 149712263, 149712263274765, 2.4570496, 0.36631286, 9.215282,0
50043, 149712441, 149712441343410, 2.5719712, 0.022744916, 9.694122,0
50054, 149712621, 149712621695755, 2.5677812, -0.034715924, 9.663596,0
50066, 149712800, 149712800798618, 2.5378537, -0.026934769, 9.504981,0
50073, 149712979, 149712979364035, 2.4540567, -0.130484, 9.846154,0
50079, 149713159, 149713159372784, 2.2942438, -0.08798691, 9.287108,0
50087, 149713340, 149713340440232, 2.2655134, 0.040102877, 9.358934,0
50095, 149713518, 149713518094972, 2.3852234, -0.05626374, 9.546281,0
50107, 149713702, 149713702032629, 2.1003134, -0.04070143, 9.723452,0
50114, 149713879, 149713879058253, 2.2290018, 0.3693056, 9.4295635,0
50122, 149714057, 149714057390962, 2.142212, 0.44951138, 9.56304,0
50128, 149714236, 149714236651014, 1.769315, 0.35434186, 9.739613,0
50136, 149714415, 149714415661795, 1.9201498, 0.3477578, 9.956287,0
50142, 149714595, 149714595233566, 1.8543092, 0.36032736, 9.1829605,0
50149, 149714774, 149714774859347, 2.4396915, 0.15741876, 9.476251,0
50160, 149714954, 149714954816014, 2.3421278, -0.23044191, 8.209119,0
